รหัสเขต,ชื่อเขต,รหัสโรงเรียน,ชื่อโรงเรียน,อ.1 ชาย,อ.1 หญิง,รวมอ.1,อ.1 ห้อง,อ.2 ชาย,อ.2 หญิง,รวมอ.2,อ.2 ห้อง,อ.3 ชาย,อ.3 หญิง,รวมอ.3,อ.3 ห้อง,รวมก่อนประถม ชาย,รวมก่อนประถม หญิง,รวมก่อนประถม,รวมห้องก่อนประถม,ป.1 ชาย,ป.1 หญิง,รวมป.1,ป.1 ห้อง,ป.2 ชาย,ป.2 หญิง,รวมป.2,ป.2 ห้อง,ป.3 ชาย,ป.3 หญิง,รวมป.3,ป.3 ห้อง,ป.4 ชาย,ป.4 หญิง,รวมป.4,ป.4 ห้อง,ป.5 ชาย,ป.5 หญิง,รวมป.5,ป.5 ห้อง,ป.6 ชาย,ป.6 หญิง,รวมป.6,ป.6 ห้อง,รวมประถม ชาย,รวมประถม หญิง,รวมประถม,รวมห้องประถม,ม.1 ชาย,ม.1 หญิง,รวมม.1,ม.1 ห้อง,ม.2 ชาย,ม.2 หญิง,รวมม.2,ม.2 ห้อง,ม.3 ชาย,ม.3 หญิง,รวมม.3,ม.3 ห้อง,รวมม.ต้น ชาย,รวมม.ต้น หญิง,รวมม.ต้น,รวมห้องม.ต้น,ม.4 ชาย,ม.4 หญิง,รวมม.4,ม.4 ห้อง,ม.5 ชาย,ม.5 หญิง,รวมม.5,ม.5 ห้อง,ม.6 ชาย,ม.6 หญิง,รวมม.6,ม.6 ห้อง,ปวช.1 ชาย,ปวช.1 หญิง,รวมปวช.1,ปวช.1 ห้อง,ปวช.2 ชาย,ปวช.2 หญิง,รวมปวช.2,ปวช.2 ห้อง,ปวช.3 ชาย,ปวช.3 หญิง,รวมปวช.3,ปวช.3 ห้อง,รวมม.ปลายและเทียบเท่า ชาย,รวมม.ปลายและเทียบเท่า หญิง,รวมม.ปลายและเทียบเท่า,รวมห้องม.ปลายและเทียบเท่า,รวมทั้งหมด ชาย,รวมทั้งหมด หญิง,รวมทั้งหมด,รวมห้องทั้งหมด
32030000,สพป.สุรินทร์ เขต 3,32030001,อนุบาลปราสาทศึกษาคาร,0,0,0,0,92,80,172,6,102,110,212,6,194,190,384,12,120,141,261,7,133,131,264,7,122,149,271,7,115,126,241,6,114,136,250,6,128,158,286,7,732,841,1573,40,0,0,0,0,0,0,0,0,0,0,0,0,0,0,0,0,0,0,0,0,0,0,0,0,0,0,0,0,0,0,0,0,0,0,0,0,0,0,0,0,0,0,0,0,926,1031,1957,52
32030000,สพป.สุรินทร์ เขต 3,32030002,บ้านยาง(สารกิจราษฎร์วิทยา),0,0,0,0,5,7,12,1,5,9,14,1,10,16,26,2,11,7,18,1,9,9,18,1,7,4,11,1,8,7,15,1,9,5,14,1,6,11,17,1,50,43,93,6,0,0,0,0,0,0,0,0,0,0,0,0,0,0,0,0,0,0,0,0,0,0,0,0,0,0,0,0,0,0,0,0,0,0,0,0,0,0,0,0,0,0,0,0,60,59,119,8
32030000,สพป.สุรินทร์ เขต 3,32030003,บ้านตาเสาะ,0,0,0,0,14,11,25,1,14,17,31,1,28,28,56,2,19,9,28,1,9,11,20,1,11,14,25,1,14,10,24,1,16,8,24,1,6,16,22,1,75,68,143,6,17,15,32,1,10,9,19,1,20,8,28,1,47,32,79,3,0,0,0,0,0,0,0,0,0,0,0,0,0,0,0,0,0,0,0,0,0,0,0,0,0,0,0,0,150,128,278,11
32030000,สพป.สุรินทร์ เขต 3,32030004,บ้านสีโค,0,0,0,0,4,3,7,1,1,4,5,1,5,7,12,2,5,5,10,1,8,3,11,1,4,8,12,1,4,3,7,1,12,7,19,1,6,5,11,1,39,31,70,6,0,0,0,0,0,0,0,0,0,0,0,0,0,0,0,0,0,0,0,0,0,0,0,0,0,0,0,0,0,0,0,0,0,0,0,0,0,0,0,0,0,0,0,0,44,38,82,8
32030000,สพป.สุรินทร์ เขต 3,32030005,ปราสาท,0,0,0,0,27,21,48,2,39,20,59,2,66,41,107,4,25,23,48,2,16,16,32,1,18,24,42,2,25,23,48,2,23,32,55,2,27,23,50,2,134,141,275,11,0,0,0,0,0,0,0,0,0,0,0,0,0,0,0,0,0,0,0,0,0,0,0,0,0,0,0,0,0,0,0,0,0,0,0,0,0,0,0,0,0,0,0,0,200,182,382,15
32030000,สพป.สุรินทร์ เขต 3,32030006,กันทราราม(นุ่นศึกษาคาร),0,0,0,0,0,0,0,0,0,0,0,0,0,0,0,0,24,16,40,2,15,18,33,2,20,15,35,2,14,21,35,2,17,13,30,2,18,18,36,2,108,101,209,12,0,0,0,0,0,0,0,0,0,0,0,0,0,0,0,0,0,0,0,0,0,0,0,0,0,0,0,0,0,0,0,0,0,0,0,0,0,0,0,0,0,0,0,0,108,101,209,12
32030000,สพป.สุรินทร์ เขต 3,32030007,บ้านทำนบ,0,0,0,0,5,7,12,1,8,5,13,1,13,12,25,2,4,15,19,1,7,10,17,1,11,8,19,1,7,9,16,1,7,9,16,1,9,14,23,1,45,65,110,6,0,0,0,0,0,0,0,0,0,0,0,0,0,0,0,0,0,0,0,0,0,0,0,0,0,0,0,0,0,0,0,0,0,0,0,0,0,0,0,0,0,0,0,0,58,77,135,8
32030000,สพป.สุรินทร์ เขต 3,32030008,อมรินทราวารี,0,0,0,0,14,25,39,1,21,21,42,2,35,46,81,3,20,13,33,2,25,17,42,2,16,15,31,2,21,19,40,1,20,16,36,1,18,12,30,1,120,92,212,9,12,18,30,1,17,10,27,1,23,12,35,1,52,40,92,3,0,0,0,0,0,0,0,0,0,0,0,0,0,0,0,0,0,0,0,0,0,0,0,0,0,0,0,0,207,178,385,15
32030000,สพป.สุรินทร์ เขต 3,32030009,บ้านจบก,0,0,0,0,8,12,20,1,9,12,21,1,17,24,41,2,10,7,17,1,8,6,14,1,6,8,14,1,8,8,16,1,5,9,14,1,5,8,13,1,42,46,88,6,0,0,0,0,0,0,0,0,0,0,0,0,0,0,0,0,0,0,0,0,0,0,0,0,0,0,0,0,0,0,0,0,0,0,0,0,0,0,0,0,0,0,0,0,59,70,129,8
32030000,สพป.สุรินทร์ เขต 3,32030010,บ้านโคกทม,0,0,0,0,9,20,29,1,14,18,32,1,23,38,61,2,14,11,25,1,18,21,39,2,5,14,19,1,19,18,37,2,12,12,24,1,11,11,22,1,79,87,166,8,17,11,28,1,9,5,14,1,7,8,15,1,33,24,57,3,0,0,0,0,0,0,0,0,0,0,0,0,0,0,0,0,0,0,0,0,0,0,0,0,0,0,0,0,135,149,284,13
32030000,สพป.สุรินทร์ เขต 3,32030011,บ้านสวายซอ,0,0,0,0,17,8,25,1,20,21,41,2,37,29,66,3,9,8,17,1,12,13,25,1,9,10,19,1,9,12,21,1,12,8,20,1,13,7,20,1,64,58,122,6,0,0,0,0,0,0,0,0,0,0,0,0,0,0,0,0,0,0,0,0,0,0,0,0,0,0,0,0,0,0,0,0,0,0,0,0,0,0,0,0,0,0,0,0,101,87,188,9
32030000,สพป.สุรินทร์ เขต 3,32030012,บ้านกะดาด,0,0,0,0,19,14,33,2,19,13,32,2,38,27,65,4,12,16,28,2,15,10,25,2,11,11,22,2,13,10,23,2,11,10,21,2,23,18,41,2,85,75,160,12,11,6,17,1,12,10,22,1,5,12,17,1,28,28,56,3,0,0,0,0,0,0,0,0,0,0,0,0,0,0,0,0,0,0,0,0,0,0,0,0,0,0,0,0,151,130,281,19
32030000,สพป.สุรินทร์ เขต 3,32030013,บ้านโคลด,0,0,0,0,3,3,6,1,6,2,8,1,9,5,14,2,2,4,6,1,6,5,11,1,5,2,7,1,4,2,6,1,6,2,8,1,2,2,4,1,25,17,42,6,0,0,0,0,0,0,0,0,0,0,0,0,0,0,0,0,0,0,0,0,0,0,0,0,0,0,0,0,0,0,0,0,0,0,0,0,0,0,0,0,0,0,0,0,34,22,56,8
32030000,สพป.สุรินทร์ เขต 3,32030014,บ้านจรูกแขวะ,0,0,0,0,6,5,11,1,5,4,9,1,11,9,20,2,6,3,9,1,3,10,13,1,7,5,12,1,3,3,6,1,6,5,11,1,5,3,8,1,30,29,59,6,0,0,0,0,0,0,0,0,0,0,0,0,0,0,0,0,0,0,0,0,0,0,0,0,0,0,0,0,0,0,0,0,0,0,0,0,0,0,0,0,0,0,0,0,41,38,79,8
32030000,สพป.สุรินทร์ เขต 3,32030015,บ้านกูน,0,0,0,0,9,9,18,1,15,15,30,1,24,24,48,2,9,9,18,1,18,12,30,1,9,9,18,1,12,7,19,1,13,11,24,1,15,11,26,1,76,59,135,6,30,13,43,1,26,13,39,2,20,23,43,2,76,49,125,5,0,0,0,0,0,0,0,0,0,0,0,0,0,0,0,0,0,0,0,0,0,0,0,0,0,0,0,0,176,132,308,13
32030000,สพป.สุรินทร์ เขต 3,32030016,บ้านรันเดง,0,0,0,0,10,17,27,1,18,14,32,1,28,31,59,2,8,14,22,1,10,11,21,1,12,13,25,1,15,11,26,1,11,16,27,1,17,10,27,1,73,75,148,6,0,0,0,0,0,0,0,0,0,0,0,0,0,0,0,0,0,0,0,0,0,0,0,0,0,0,0,0,0,0,0,0,0,0,0,0,0,0,0,0,0,0,0,0,101,106,207,8
32030000,สพป.สุรินทร์ เขต 3,32030017,บ้านตายัวะ,0,0,0,0,8,11,19,1,5,7,12,1,13,18,31,2,5,7,12,1,7,6,13,1,4,6,10,1,7,3,10,1,8,6,14,1,3,13,16,1,34,41,75,6,0,0,0,0,0,0,0,0,0,0,0,0,0,0,0,0,0,0,0,0,0,0,0,0,0,0,0,0,0,0,0,0,0,0,0,0,0,0,0,0,0,0,0,0,47,59,106,8
32030000,สพป.สุรินทร์ เขต 3,32030018,บ้านตาวร,0,0,0,0,12,13,25,1,17,13,30,1,29,26,55,2,8,10,18,1,10,12,22,1,12,15,27,1,7,8,15,1,8,11,19,1,11,7,18,1,56,63,119,6,14,10,24,1,8,20,28,1,6,10,16,1,28,40,68,3,0,0,0,0,0,0,0,0,0,0,0,0,0,0,0,0,0,0,0,0,0,0,0,0,0,0,0,0,113,129,242,11
32030000,สพป.สุรินทร์ เขต 3,32030019,บ้านกาบกระบือ,0,0,0,0,15,13,28,1,19,11,30,1,34,24,58,2,8,17,25,1,10,13,23,1,9,14,23,1,10,10,20,1,15,16,31,1,14,7,21,1,66,77,143,6,0,0,0,0,0,0,0,0,0,0,0,0,0,0,0,0,0,0,0,0,0,0,0,0,0,0,0,0,0,0,0,0,0,0,0,0,0,0,0,0,0,0,0,0,100,101,201,8
32030000,สพป.สุรินทร์ เขต 3,32030020,นิคมสร้างตนเองปราสาท 3,0,0,0,0,5,6,11,1,5,8,13,1,10,14,24,2,11,8,19,1,10,8,18,1,10,9,19,1,10,5,15,1,9,8,17,1,8,9,17,1,58,47,105,6,0,0,0,0,0,0,0,0,0,0,0,0,0,0,0,0,0,0,0,0,0,0,0,0,0,0,0,0,0,0,0,0,0,0,0,0,0,0,0,0,0,0,0,0,68,61,129,8
32030000,สพป.สุรินทร์ เขต 3,32030021,รัฐประชาสามัคคี,0,0,0,0,11,14,25,1,15,14,29,1,26,28,54,2,11,13,24,1,9,11,20,1,15,16,31,1,10,11,21,1,13,16,29,1,13,8,21,1,71,75,146,6,0,0,0,0,0,0,0,0,0,0,0,0,0,0,0,0,0,0,0,0,0,0,0,0,0,0,0,0,0,0,0,0,0,0,0,0,0,0,0,0,0,0,0,0,97,103,200,8
32030000,สพป.สุรินทร์ เขต 3,32030022,บ้านโพธิ์กอง,0,0,0,0,11,12,23,1,21,15,36,2,32,27,59,3,14,15,29,1,27,21,48,2,16,9,25,1,15,11,26,1,11,13,24,1,19,17,36,1,102,86,188,7,0,0,0,0,0,0,0,0,0,0,0,0,0,0,0,0,0,0,0,0,0,0,0,0,0,0,0,0,0,0,0,0,0,0,0,0,0,0,0,0,0,0,0,0,134,113,247,10
32030000,สพป.สุรินทร์ เขต 3,32030023,บ้านเชื้อเพลิง,0,0,0,0,14,15,29,1,13,19,32,1,27,34,61,2,7,12,19,1,15,17,32,2,9,16,25,1,15,21,36,2,15,15,30,2,22,12,34,2,83,93,176,10,0,0,0,0,0,0,0,0,0,0,0,0,0,0,0,0,0,0,0,0,0,0,0,0,0,0,0,0,0,0,0,0,0,0,0,0,0,0,0,0,0,0,0,0,110,127,237,12
32030000,สพป.สุรินทร์ เขต 3,32030024,บ้านโชคนาสาม,0,0,0,0,15,20,35,2,18,22,40,2,33,42,75,4,18,20,38,2,13,26,39,2,17,14,31,1,13,19,32,1,13,15,28,1,16,14,30,2,90,108,198,9,33,16,49,2,32,27,59,2,28,21,49,2,93,64,157,6,0,0,0,0,0,0,0,0,0,0,0,0,0,0,0,0,0,0,0,0,0,0,0,0,0,0,0,0,216,214,430,19
32030000,สพป.สุรินทร์ เขต 3,32030025,บ้านเจ้าคุณ,0,0,0,0,12,11,23,1,17,15,32,1,29,26,55,2,14,18,32,2,17,13,30,2,10,12,22,1,12,16,28,1,13,9,22,1,18,12,30,2,84,80,164,9,0,0,0,0,0,0,0,0,0,0,0,0,0,0,0,0,0,0,0,0,0,0,0,0,0,0,0,0,0,0,0,0,0,0,0,0,0,0,0,0,0,0,0,0,113,106,219,11
32030000,สพป.สุรินทร์ เขต 3,32030026,บ้านมะเมียง,0,0,0,0,14,13,27,2,15,13,28,2,29,26,55,4,15,19,34,2,18,22,40,2,18,16,34,1,20,12,32,1,10,18,28,1,13,16,29,2,94,103,197,9,18,19,37,2,22,16,38,2,21,22,43,2,61,57,118,6,0,0,0,0,0,0,0,0,0,0,0,0,0,0,0,0,0,0,0,0,0,0,0,0,0,0,0,0,184,186,370,19
32030000,สพป.สุรินทร์ เขต 3,32030027,มหาราช ๔,0,0,0,0,13,11,24,1,17,11,28,1,30,22,52,2,12,8,20,1,7,11,18,1,9,11,20,1,13,15,28,1,10,7,17,1,12,7,19,1,63,59,122,6,0,0,0,0,0,0,0,0,0,0,0,0,0,0,0,0,0,0,0,0,0,0,0,0,0,0,0,0,0,0,0,0,0,0,0,0,0,0,0,0,0,0,0,0,93,81,174,8
32030000,สพป.สุรินทร์ เขต 3,32030028,บ้านถนนหัก(สุวรรณราษฎร์บำรุง),0,0,0,0,7,2,9,1,5,13,18,1,12,15,27,2,4,9,13,1,12,10,22,1,7,2,9,1,6,10,16,1,10,5,15,1,5,6,11,1,44,42,86,6,0,0,0,0,0,0,0,0,0,0,0,0,0,0,0,0,0,0,0,0,0,0,0,0,0,0,0,0,0,0,0,0,0,0,0,0,0,0,0,0,0,0,0,0,56,57,113,8
32030000,สพป.สุรินทร์ เขต 3,32030029,บ้านจีกแดก,0,0,0,0,6,2,8,1,2,5,7,1,8,7,15,2,3,2,5,1,5,1,6,1,5,4,9,1,7,4,11,1,1,6,7,1,5,8,13,1,26,25,51,6,0,0,0,0,0,0,0,0,0,0,0,0,0,0,0,0,0,0,0,0,0,0,0,0,0,0,0,0,0,0,0,0,0,0,0,0,0,0,0,0,0,0,0,0,34,32,66,8
32030000,สพป.สุรินทร์ เขต 3,32030030,บ้านหนองปรือ,0,0,0,0,13,13,26,1,5,14,19,1,18,27,45,2,13,8,21,1,10,11,21,1,10,10,20,1,5,10,15,1,6,9,15,1,14,8,22,1,58,56,114,6,0,0,0,0,0,0,0,0,0,0,0,0,0,0,0,0,0,0,0,0,0,0,0,0,0,0,0,0,0,0,0,0,0,0,0,0,0,0,0,0,0,0,0,0,76,83,159,8
32030000,สพป.สุรินทร์ เขต 3,32030031,บ้านนาครอง,4,6,10,1,2,6,8,1,2,4,6,1,8,16,24,3,5,6,11,1,6,3,9,1,7,9,16,1,6,6,12,1,3,4,7,1,5,11,16,1,32,39,71,6,0,0,0,0,0,0,0,0,0,0,0,0,0,0,0,0,0,0,0,0,0,0,0,0,0,0,0,0,0,0,0,0,0,0,0,0,0,0,0,0,0,0,0,0,40,55,95,9
32030000,สพป.สุรินทร์ เขต 3,32030032,บ้านตานี,0,0,0,0,17,14,31,1,17,15,32,1,34,29,63,2,13,14,27,1,6,18,24,1,14,24,38,2,12,20,32,1,23,14,37,2,14,10,24,1,82,100,182,8,0,0,0,0,0,0,0,0,0,0,0,0,0,0,0,0,0,0,0,0,0,0,0,0,0,0,0,0,0,0,0,0,0,0,0,0,0,0,0,0,0,0,0,0,116,129,245,10
32030000,สพป.สุรินทร์ เขต 3,32030033,บ้านโคกจำเริญ,0,0,0,0,10,16,26,1,17,18,35,1,27,34,61,2,17,21,38,1,14,11,25,1,15,10,25,1,23,5,28,1,22,19,41,2,9,8,17,1,100,74,174,7,0,0,0,0,0,0,0,0,0,0,0,0,0,0,0,0,0,0,0,0,0,0,0,0,0,0,0,0,0,0,0,0,0,0,0,0,0,0,0,0,0,0,0,0,127,108,235,9
32030000,สพป.สุรินทร์ เขต 3,32030034,บ้านตาเตียว,0,0,0,0,6,16,22,1,6,11,17,1,12,27,39,2,9,3,12,1,7,6,13,1,3,6,9,1,6,2,8,1,6,3,9,1,10,9,19,1,41,29,70,6,0,0,0,0,0,0,0,0,0,0,0,0,0,0,0,0,0,0,0,0,0,0,0,0,0,0,0,0,0,0,0,0,0,0,0,0,0,0,0,0,0,0,0,0,53,56,109,8
32030000,สพป.สุรินทร์ เขต 3,32030035,บ้านสวาย,0,0,0,0,9,11,20,1,18,11,29,1,27,22,49,2,7,12,19,1,6,2,8,1,6,8,14,1,7,14,21,1,6,15,21,1,12,12,24,1,44,63,107,6,0,0,0,0,0,0,0,0,0,0,0,0,0,0,0,0,0,0,0,0,0,0,0,0,0,0,0,0,0,0,0,0,0,0,0,0,0,0,0,0,0,0,0,0,71,85,156,8
32030000,สพป.สุรินทร์ เขต 3,32030036,บ้านลำพุก,0,0,0,0,14,7,21,1,8,8,16,1,22,15,37,2,1,9,10,1,7,4,11,1,7,7,14,1,5,4,9,1,10,4,14,1,5,5,10,1,35,33,68,6,0,0,0,0,0,0,0,0,0,0,0,0,0,0,0,0,0,0,0,0,0,0,0,0,0,0,0,0,0,0,0,0,0,0,0,0,0,0,0,0,0,0,0,0,57,48,105,8
32030000,สพป.สุรินทร์ เขต 3,32030037,บ้านโชค,0,0,0,0,7,6,13,1,7,8,15,1,14,14,28,2,10,11,21,1,5,7,12,1,4,6,10,1,10,5,15,1,14,9,23,1,13,4,17,1,56,42,98,6,0,0,0,0,0,0,0,0,0,0,0,0,0,0,0,0,0,0,0,0,0,0,0,0,0,0,0,0,0,0,0,0,0,0,0,0,0,0,0,0,0,0,0,0,70,56,126,8
32030000,สพป.สุรินทร์ เขต 3,32030038,บ้านตาเบา,0,0,0,0,6,7,13,1,12,10,22,1,18,17,35,2,16,10,26,1,7,8,15,1,3,11,14,1,6,6,12,1,8,10,18,1,10,9,19,1,50,54,104,6,0,0,0,0,0,0,0,0,0,0,0,0,0,0,0,0,0,0,0,0,0,0,0,0,0,0,0,0,0,0,0,0,0,0,0,0,0,0,0,0,0,0,0,0,68,71,139,8
32030000,สพป.สุรินทร์ เขต 3,32030039,บ้านตะคร้อ,0,0,0,0,9,15,24,1,3,5,8,1,12,20,32,2,7,8,15,1,8,9,17,1,0,4,4,1,7,4,11,1,3,8,11,1,5,7,12,1,30,40,70,6,0,0,0,0,0,0,0,0,0,0,0,0,0,0,0,0,0,0,0,0,0,0,0,0,0,0,0,0,0,0,0,0,0,0,0,0,0,0,0,0,0,0,0,0,42,60,102,8
32030000,สพป.สุรินทร์ เขต 3,32030040,บ้านลำดวน(เมยราษฎร์อุปถัมภ์),0,1,1,1,10,4,14,1,9,4,13,1,19,9,28,3,6,10,16,1,3,6,9,1,4,2,6,1,7,9,16,1,10,6,16,1,6,5,11,1,36,38,74,6,0,0,0,0,0,0,0,0,0,0,0,0,0,0,0,0,0,0,0,0,0,0,0,0,0,0,0,0,0,0,0,0,0,0,0,0,0,0,0,0,0,0,0,0,55,47,102,9
32030000,สพป.สุรินทร์ เขต 3,32030041,บ้านทมอ(เดื่อราษฎร์บำรุง),0,0,0,0,9,9,18,1,5,9,14,1,14,18,32,2,7,8,15,1,14,5,19,1,10,7,17,1,8,7,15,1,7,8,15,1,11,10,21,1,57,45,102,6,20,7,27,1,15,13,28,1,15,13,28,1,50,33,83,3,0,0,0,0,0,0,0,0,0,0,0,0,0,0,0,0,0,0,0,0,0,0,0,0,0,0,0,0,121,96,217,11
32030000,สพป.สุรินทร์ เขต 3,32030042,บ้านโคกบุ(บอนประชารัฐบำรุง),0,0,0,0,15,8,23,1,17,14,31,1,32,22,54,2,10,6,16,1,6,10,16,1,14,14,28,2,13,15,28,1,15,12,27,1,10,9,19,1,68,66,134,7,0,0,0,0,0,0,0,0,0,0,0,0,0,0,0,0,0,0,0,0,0,0,0,0,0,0,0,0,0,0,0,0,0,0,0,0,0,0,0,0,0,0,0,0,100,88,188,9
32030000,สพป.สุรินทร์ เขต 3,32030043,บ้านเจริญสุข,0,0,0,0,4,8,12,1,6,7,13,1,10,15,25,2,9,2,11,1,14,0,14,1,3,2,5,1,7,9,16,1,2,7,9,1,15,0,15,1,50,20,70,6,0,0,0,0,0,0,0,0,0,0,0,0,0,0,0,0,0,0,0,0,0,0,0,0,0,0,0,0,0,0,0,0,0,0,0,0,0,0,0,0,0,0,0,0,60,35,95,8
32030000,สพป.สุรินทร์ เขต 3,32030044,บ้านหนองหรี่,0,0,0,0,13,17,30,1,14,8,22,1,27,25,52,2,11,11,22,1,12,10,22,1,16,9,25,1,10,7,17,1,23,15,38,2,12,11,23,1,84,63,147,7,19,21,40,1,9,6,15,1,13,7,20,1,41,34,75,3,0,0,0,0,0,0,0,0,0,0,0,0,0,0,0,0,0,0,0,0,0,0,0,0,0,0,0,0,152,122,274,12
32030000,สพป.สุรินทร์ เขต 3,32030045,บ้านกำไสจาน,0,0,0,0,15,17,32,1,18,8,26,1,33,25,58,2,4,5,9,1,10,11,21,1,15,12,27,1,8,16,24,1,7,15,22,1,8,10,18,1,52,69,121,6,0,0,0,0,0,0,0,0,0,0,0,0,0,0,0,0,0,0,0,0,0,0,0,0,0,0,0,0,0,0,0,0,0,0,0,0,0,0,0,0,0,0,0,0,85,94,179,8
32030000,สพป.สุรินทร์ เขต 3,32030046,บ้านสะพานหัน,0,0,0,0,5,4,9,1,5,5,10,1,10,9,19,2,4,7,11,1,7,6,13,1,4,5,9,1,2,9,11,1,4,6,10,1,3,6,9,1,24,39,63,6,0,0,0,0,0,0,0,0,0,0,0,0,0,0,0,0,0,0,0,0,0,0,0,0,0,0,0,0,0,0,0,0,0,0,0,0,0,0,0,0,0,0,0,0,34,48,82,8
32030000,สพป.สุรินทร์ เขต 3,32030047,บ้านทุ่งมน(ริมราษฎร์นุสรณ์),0,0,0,0,32,31,63,2,12,20,32,2,44,51,95,4,31,31,62,2,28,34,62,3,29,17,46,2,29,32,61,2,20,26,46,2,28,19,47,2,165,159,324,13,0,0,0,0,0,0,0,0,0,0,0,0,0,0,0,0,0,0,0,0,0,0,0,0,0,0,0,0,0,0,0,0,0,0,0,0,0,0,0,0,0,0,0,0,209,210,419,17
32030000,สพป.สุรินทร์ เขต 3,32030048,บ้านลำดวนพัฒนา,0,0,0,0,2,5,7,1,6,8,14,1,8,13,21,2,2,5,7,1,2,3,5,1,5,7,12,1,3,5,8,1,7,4,11,1,6,5,11,1,25,29,54,6,0,0,0,0,0,0,0,0,0,0,0,0,0,0,0,0,0,0,0,0,0,0,0,0,0,0,0,0,0,0,0,0,0,0,0,0,0,0,0,0,0,0,0,0,33,42,75,8
32030000,สพป.สุรินทร์ เขต 3,32030049,วันเจริญสามัคคี,0,0,0,0,25,22,47,2,29,18,47,2,54,40,94,4,31,17,48,2,7,11,18,1,25,17,42,2,12,9,21,1,23,21,44,2,16,26,42,2,114,101,215,10,19,20,39,2,17,18,35,2,13,11,24,1,49,49,98,5,0,0,0,0,0,0,0,0,0,0,0,0,0,0,0,0,0,0,0,0,0,0,0,0,0,0,0,0,217,190,407,19
32030000,สพป.สุรินทร์ เขต 3,32030050,บ้านไทร,0,0,0,0,5,14,19,1,5,8,13,1,10,22,32,2,8,13,21,1,8,7,15,1,7,9,16,1,5,9,14,1,6,11,17,1,12,7,19,1,46,56,102,6,0,0,0,0,0,0,0,0,0,0,0,0,0,0,0,0,0,0,0,0,0,0,0,0,0,0,0,0,0,0,0,0,0,0,0,0,0,0,0,0,0,0,0,0,56,78,134,8
32030000,สพป.สุรินทร์ เขต 3,32030051,บ้านอำปึลกง,0,0,0,0,13,13,26,1,12,10,22,1,25,23,48,2,17,5,22,1,13,15,28,1,13,21,34,2,12,19,31,1,7,8,15,1,13,12,25,1,75,80,155,7,0,0,0,0,0,0,0,0,0,0,0,0,0,0,0,0,0,0,0,0,0,0,0,0,0,0,0,0,0,0,0,0,0,0,0,0,0,0,0,0,0,0,0,0,100,103,203,9
32030000,สพป.สุรินทร์ เขต 3,32030052,บ้านพลวง(พรหมบำรุงราษฎร์),0,0,0,0,17,18,35,1,22,18,40,2,39,36,75,3,18,16,34,2,20,25,45,2,14,13,27,1,26,13,39,2,22,11,33,1,5,19,24,1,105,97,202,9,30,17,47,2,32,25,57,2,22,22,44,2,84,64,148,6,0,0,0,0,0,0,0,0,0,0,0,0,0,0,0,0,0,0,0,0,0,0,0,0,0,0,0,0,228,197,425,18
32030000,สพป.สุรินทร์ เขต 3,32030053,เจริญราษฎร์วิทยา,0,0,0,0,26,11,37,2,27,23,50,2,53,34,87,4,24,23,47,2,22,26,48,2,23,22,45,2,27,20,47,2,11,25,36,2,19,11,30,2,126,127,253,12,24,15,39,2,18,13,31,2,14,20,34,2,56,48,104,6,0,0,0,0,0,0,0,0,0,0,0,0,0,0,0,0,0,0,0,0,0,0,0,0,0,0,0,0,235,209,444,22
32030000,สพป.สุรินทร์ เขต 3,32030054,บ้านพนม,0,0,0,0,7,2,9,1,2,3,5,1,9,5,14,2,3,2,5,1,5,1,6,1,5,4,9,1,7,1,8,1,2,2,4,1,4,2,6,1,26,12,38,6,0,0,0,0,0,0,0,0,0,0,0,0,0,0,0,0,0,0,0,0,0,0,0,0,0,0,0,0,0,0,0,0,0,0,0,0,0,0,0,0,0,0,0,0,35,17,52,8
32030000,สพป.สุรินทร์ เขต 3,32030055,บ้านบุอันโนง,0,0,0,0,6,4,10,1,1,6,7,1,7,10,17,2,1,6,7,1,10,9,19,1,7,4,11,1,5,4,9,1,12,4,16,1,7,4,11,1,42,31,73,6,0,0,0,0,0,0,0,0,0,0,0,0,0,0,0,0,0,0,0,0,0,0,0,0,0,0,0,0,0,0,0,0,0,0,0,0,0,0,0,0,0,0,0,0,49,41,90,8
32030000,สพป.สุรินทร์ เขต 3,32030056,บ้านทนง(รัฐราษฎร์วิทยา),0,0,0,0,8,13,21,1,7,15,22,1,15,28,43,2,25,18,43,2,14,9,23,1,7,11,18,1,20,18,38,1,17,15,32,1,8,10,18,1,91,81,172,7,17,15,32,1,21,16,37,1,20,21,41,2,58,52,110,4,0,0,0,0,0,0,0,0,0,0,0,0,0,0,0,0,0,0,0,0,0,0,0,0,0,0,0,0,164,161,325,13
32030000,สพป.สุรินทร์ เขต 3,32030057,บ้านปราสาท,0,0,0,0,10,5,15,1,5,6,11,1,15,11,26,2,8,5,13,1,6,3,9,1,10,7,17,1,13,9,22,1,3,8,11,1,7,8,15,1,47,40,87,6,0,0,0,0,0,0,0,0,0,0,0,0,0,0,0,0,0,0,0,0,0,0,0,0,0,0,0,0,0,0,0,0,0,0,0,0,0,0,0,0,0,0,0,0,62,51,113,8
32030000,สพป.สุรินทร์ เขต 3,32030058,บ้านคลอง,0,0,0,0,13,12,25,1,7,11,18,1,20,23,43,2,11,14,25,1,5,15,20,1,13,8,21,1,9,19,28,1,22,11,33,1,13,17,30,1,73,84,157,6,16,7,23,1,8,7,15,1,14,5,19,1,38,19,57,3,0,0,0,0,0,0,0,0,0,0,0,0,0,0,0,0,0,0,0,0,0,0,0,0,0,0,0,0,131,126,257,11
32030000,สพป.สุรินทร์ เขต 3,32030059,นิคมสร้างตนเองปราสาท 1,2,4,6,1,7,10,17,1,4,1,5,1,13,15,28,3,3,7,10,1,4,5,9,1,5,4,9,1,8,6,14,1,2,5,7,1,4,3,7,1,26,30,56,6,0,0,0,0,0,0,0,0,0,0,0,0,0,0,0,0,0,0,0,0,0,0,0,0,0,0,0,0,0,0,0,0,0,0,0,0,0,0,0,0,0,0,0,0,39,45,84,9
32030000,สพป.สุรินทร์ เขต 3,32030060,นิคมสร้างตนเองปราสาท,8,7,15,1,15,14,29,1,15,5,20,1,38,26,64,3,14,17,31,2,14,18,32,2,21,16,37,2,10,16,26,1,18,11,29,1,18,17,35,1,95,95,190,9,23,14,37,1,10,15,25,1,21,15,36,2,54,44,98,4,0,0,0,0,0,0,0,0,0,0,0,0,0,0,0,0,0,0,0,0,0,0,0,0,0,0,0,0,187,165,352,16
32030000,สพป.สุรินทร์ เขต 3,32030061,บ้านละลมระไซ,0,0,0,0,11,5,16,1,13,5,18,1,24,10,34,2,3,4,7,1,14,13,27,1,7,4,11,1,8,8,16,1,8,9,17,1,6,8,14,1,46,46,92,6,0,0,0,0,0,0,0,0,0,0,0,0,0,0,0,0,0,0,0,0,0,0,0,0,0,0,0,0,0,0,0,0,0,0,0,0,0,0,0,0,0,0,0,0,70,56,126,8
32030000,สพป.สุรินทร์ เขต 3,32030062,บ้านบักดอก,0,0,0,0,22,20,42,2,17,20,37,1,39,40,79,3,12,19,31,2,19,16,35,2,27,17,44,2,17,19,36,2,19,14,33,1,18,22,40,2,112,107,219,11,0,0,0,0,0,0,0,0,0,0,0,0,0,0,0,0,0,0,0,0,0,0,0,0,0,0,0,0,0,0,0,0,0,0,0,0,0,0,0,0,0,0,0,0,151,147,298,14
32030000,สพป.สุรินทร์ เขต 3,32030063,บ้านโคกเพชร(เภดประชารัฐบำรุง),0,0,0,0,13,12,25,1,3,13,16,1,16,25,41,2,12,9,21,1,14,9,23,1,9,15,24,1,12,9,21,1,13,4,17,1,16,8,24,1,76,54,130,6,0,0,0,0,0,0,0,0,0,0,0,0,0,0,0,0,0,0,0,0,0,0,0,0,0,0,0,0,0,0,0,0,0,0,0,0,0,0,0,0,0,0,0,0,92,79,171,8
32030000,สพป.สุรินทร์ เขต 3,32030064,บ้านสองสะโกม,0,0,0,0,15,9,24,1,15,21,36,1,30,30,60,2,5,16,21,1,18,11,29,1,17,18,35,1,12,17,29,1,17,13,30,1,10,9,19,1,79,84,163,6,0,0,0,0,0,0,0,0,0,0,0,0,0,0,0,0,0,0,0,0,0,0,0,0,0,0,0,0,0,0,0,0,0,0,0,0,0,0,0,0,0,0,0,0,109,114,223,8
32030000,สพป.สุรินทร์ เขต 3,32030065,ไพลศึกษาคาร,0,0,0,0,2,7,9,1,6,3,9,1,8,10,18,2,7,5,12,1,1,3,4,1,1,4,5,1,2,5,7,1,3,2,5,1,3,4,7,1,17,23,40,6,0,0,0,0,0,0,0,0,0,0,0,0,0,0,0,0,0,0,0,0,0,0,0,0,0,0,0,0,0,0,0,0,0,0,0,0,0,0,0,0,0,0,0,0,25,33,58,8
32030000,สพป.สุรินทร์ เขต 3,32030066,สุวรรณาคารสงเคราะห์,0,0,0,0,6,9,15,1,7,10,17,1,13,19,32,2,13,10,23,1,9,9,18,1,8,8,16,1,9,4,13,1,7,4,11,1,4,6,10,1,50,41,91,6,0,0,0,0,0,0,0,0,0,0,0,0,0,0,0,0,0,0,0,0,0,0,0,0,0,0,0,0,0,0,0,0,0,0,0,0,0,0,0,0,0,0,0,0,63,60,123,8
32030000,สพป.สุรินทร์ เขต 3,32030067,บ้านสมุด,0,0,0,0,3,11,14,1,10,7,17,1,13,18,31,2,9,3,12,1,5,4,9,1,5,2,7,1,10,4,14,1,3,3,6,1,8,0,8,1,40,16,56,6,0,0,0,0,0,0,0,0,0,0,0,0,0,0,0,0,0,0,0,0,0,0,0,0,0,0,0,0,0,0,0,0,0,0,0,0,0,0,0,0,0,0,0,0,53,34,87,8
32030000,สพป.สุรินทร์ เขต 3,32030068,บ้านหนองยาว,0,0,0,0,9,4,13,1,11,5,16,1,20,9,29,2,3,4,7,1,1,4,5,1,8,7,15,1,5,3,8,1,3,3,6,1,4,4,8,1,24,25,49,6,0,0,0,0,0,0,0,0,0,0,0,0,0,0,0,0,0,0,0,0,0,0,0,0,0,0,0,0,0,0,0,0,0,0,0,0,0,0,0,0,0,0,0,0,44,34,78,8
32030000,สพป.สุรินทร์ เขต 3,32030069,บ้านหนองใหญ่,0,0,0,0,6,8,14,1,4,5,9,1,10,13,23,2,6,7,13,1,4,2,6,1,13,5,18,1,5,5,10,1,5,5,10,1,7,8,15,1,40,32,72,6,0,0,0,0,0,0,0,0,0,0,0,0,0,0,0,0,0,0,0,0,0,0,0,0,0,0,0,0,0,0,0,0,0,0,0,0,0,0,0,0,0,0,0,0,50,45,95,8
32030000,สพป.สุรินทร์ เขต 3,32030070,บ้านปลัด,0,0,0,0,12,15,27,1,19,13,32,2,31,28,59,3,13,14,27,1,14,17,31,2,15,11,26,1,9,17,26,1,10,10,20,1,18,12,30,2,79,81,160,8,0,0,0,0,0,0,0,0,0,0,0,0,0,0,0,0,0,0,0,0,0,0,0,0,0,0,0,0,0,0,0,0,0,0,0,0,0,0,0,0,0,0,0,0,110,109,219,11
32030000,สพป.สุรินทร์ เขต 3,32030071,บ้านสำโรง(บางมด 2514),0,0,0,0,15,7,22,1,14,9,23,1,29,16,45,2,6,9,15,1,8,12,20,1,8,13,21,1,9,15,24,1,7,8,15,1,14,11,25,1,52,68,120,6,0,0,0,0,0,0,0,0,0,0,0,0,0,0,0,0,0,0,0,0,0,0,0,0,0,0,0,0,0,0,0,0,0,0,0,0,0,0,0,0,0,0,0,0,81,84,165,8
32030000,สพป.สุรินทร์ เขต 3,32030072,บ้านก็วล,0,0,0,0,8,14,22,1,11,5,16,1,19,19,38,2,10,8,18,1,3,3,6,1,9,8,17,1,13,8,21,1,6,3,9,1,5,7,12,1,46,37,83,6,0,0,0,0,0,0,0,0,0,0,0,0,0,0,0,0,0,0,0,0,0,0,0,0,0,0,0,0,0,0,0,0,0,0,0,0,0,0,0,0,0,0,0,0,65,56,121,8
32030000,สพป.สุรินทร์ เขต 3,32030073,บ้านเสกกอง,0,0,0,0,4,11,15,1,7,13,20,1,11,24,35,2,14,9,23,1,6,9,15,1,7,10,17,1,10,11,21,1,11,6,17,1,7,7,14,1,55,52,107,6,8,9,17,1,23,10,33,1,8,4,12,1,39,23,62,3,0,0,0,0,0,0,0,0,0,0,0,0,0,0,0,0,0,0,0,0,0,0,0,0,0,0,0,0,105,99,204,11
32030000,สพป.สุรินทร์ เขต 3,32030074,บ้านลังโกม,0,0,0,0,13,14,27,1,21,11,32,1,34,25,59,2,14,13,27,1,16,14,30,1,15,15,30,1,19,8,27,1,6,11,17,1,15,16,31,1,85,77,162,6,26,13,39,1,22,8,30,1,17,9,26,1,65,30,95,3,0,0,0,0,0,0,0,0,0,0,0,0,0,0,0,0,0,0,0,0,0,0,0,0,0,0,0,0,184,132,316,11
32030000,สพป.สุรินทร์ เขต 3,32030075,บ้านกระวัน,0,0,0,0,5,2,7,1,3,2,5,1,8,4,12,2,6,3,9,1,4,2,6,1,3,6,9,1,5,6,11,1,7,6,13,1,2,10,12,1,27,33,60,6,0,0,0,0,0,0,0,0,0,0,0,0,0,0,0,0,0,0,0,0,0,0,0,0,0,0,0,0,0,0,0,0,0,0,0,0,0,0,0,0,0,0,0,0,35,37,72,8
32030000,สพป.สุรินทร์ เขต 3,32030076,กาบเชิงมิตรภาพที่ 190,0,0,0,0,54,58,112,3,45,53,98,3,99,111,210,6,48,56,104,4,52,48,100,4,61,41,102,4,51,34,85,3,49,49,98,3,38,41,79,3,299,269,568,21,22,20,42,2,32,20,52,2,27,16,43,2,81,56,137,6,0,0,0,0,0,0,0,0,0,0,0,0,0,0,0,0,0,0,0,0,0,0,0,0,0,0,0,0,479,436,915,33
32030000,สพป.สุรินทร์ เขต 3,32030077,บ้านปราสาทเบง,0,0,0,0,13,13,26,1,18,11,29,1,31,24,55,2,14,15,29,1,11,10,21,1,12,14,26,1,18,12,30,1,28,17,45,2,15,14,29,1,98,82,180,7,0,0,0,0,0,0,0,0,0,0,0,0,0,0,0,0,0,0,0,0,0,0,0,0,0,0,0,0,0,0,0,0,0,0,0,0,0,0,0,0,0,0,0,0,129,106,235,9
32030000,สพป.สุรินทร์ เขต 3,32030078,บ้านบักจรัง,0,0,0,0,17,17,34,1,25,20,45,2,42,37,79,3,17,15,32,1,12,19,31,2,19,11,30,1,22,18,40,2,16,20,36,2,22,23,45,2,108,106,214,10,0,0,0,0,0,0,0,0,0,0,0,0,0,0,0,0,0,0,0,0,0,0,0,0,0,0,0,0,0,0,0,0,0,0,0,0,0,0,0,0,0,0,0,0,150,143,293,13
32030000,สพป.สุรินทร์ เขต 3,32030079,เพียงหลวง 8 ในทูลกระหม่อมหญฺิงอุบลรัตนราชกัญญาสิริวัฒนาพรรณวดี,0,0,0,0,5,6,11,1,4,2,6,1,9,8,17,2,5,7,12,1,11,8,19,1,2,8,10,1,6,4,10,1,4,2,6,1,7,6,13,1,35,35,70,6,0,0,0,0,0,0,0,0,0,0,0,0,0,0,0,0,0,0,0,0,0,0,0,0,0,0,0,0,0,0,0,0,0,0,0,0,0,0,0,0,0,0,0,0,44,43,87,8
32030000,สพป.สุรินทร์ เขต 3,32030080,หวลถวิลวิทยา,0,0,0,0,4,1,5,1,2,6,8,1,6,7,13,2,3,2,5,1,4,4,8,1,7,5,12,1,1,1,2,1,2,3,5,1,0,0,0,0,17,15,32,5,0,0,0,0,0,0,0,0,0,0,0,0,0,0,0,0,0,0,0,0,0,0,0,0,0,0,0,0,0,0,0,0,0,0,0,0,0,0,0,0,0,0,0,0,23,22,45,7
32030000,สพป.สุรินทร์ เขต 3,32030081,บ้านคูตัน,0,0,0,0,12,12,24,1,18,3,21,1,30,15,45,2,13,9,22,1,10,10,20,1,14,10,24,1,11,10,21,1,14,11,25,1,7,12,19,1,69,62,131,6,14,8,22,1,8,7,15,1,14,13,27,1,36,28,64,3,0,0,0,0,0,0,0,0,0,0,0,0,0,0,0,0,0,0,0,0,0,0,0,0,0,0,0,0,135,105,240,11
32030000,สพป.สุรินทร์ เขต 3,32030082,บ้านโคกสะอาด,0,0,0,0,15,14,29,1,15,11,26,1,30,25,55,2,11,15,26,1,6,10,16,1,9,12,21,1,9,8,17,1,8,12,20,1,7,14,21,1,50,71,121,6,7,7,14,1,6,3,9,1,10,8,18,1,23,18,41,3,0,0,0,0,0,0,0,0,0,0,0,0,0,0,0,0,0,0,0,0,0,0,0,0,0,0,0,0,103,114,217,11
32030000,สพป.สุรินทร์ เขต 3,32030083,บ้านหนองโยโคกปืด,0,0,0,0,12,8,20,1,12,18,30,1,24,26,50,2,5,9,14,1,10,9,19,1,8,10,18,1,9,12,21,1,12,9,21,1,13,8,21,1,57,57,114,6,6,2,8,1,7,6,13,1,7,2,9,1,20,10,30,3,0,0,0,0,0,0,0,0,0,0,0,0,0,0,0,0,0,0,0,0,0,0,0,0,0,0,0,0,101,93,194,11
32030000,สพป.สุรินทร์ เขต 3,32030084,บ้านราวนคร,2,4,6,1,1,5,6,1,2,4,6,1,5,13,18,3,1,4,5,1,2,6,8,1,3,2,5,1,6,3,9,1,3,3,6,1,10,4,14,1,25,22,47,6,0,0,0,0,0,0,0,0,0,0,0,0,0,0,0,0,0,0,0,0,0,0,0,0,0,0,0,0,0,0,0,0,0,0,0,0,0,0,0,0,0,0,0,0,30,35,65,9
32030000,สพป.สุรินทร์ เขต 3,32030085,บ้านโคกตะเคียน,0,0,0,0,17,16,33,1,16,9,25,1,33,25,58,2,14,8,22,1,19,27,46,2,13,22,35,2,16,14,30,2,22,13,35,2,17,20,37,2,101,104,205,11,12,10,22,1,10,8,18,1,13,12,25,1,35,30,65,3,0,0,0,0,0,0,0,0,0,0,0,0,0,0,0,0,0,0,0,0,0,0,0,0,0,0,0,0,169,159,328,16
32030000,สพป.สุรินทร์ เขต 3,32030086,บ้านจารย์,0,0,0,0,12,9,21,1,10,7,17,1,22,16,38,2,12,3,15,1,9,5,14,1,7,7,14,1,8,7,15,1,11,8,19,1,9,13,22,1,56,43,99,6,0,0,0,0,0,0,0,0,0,0,0,0,0,0,0,0,0,0,0,0,0,0,0,0,0,0,0,0,0,0,0,0,0,0,0,0,0,0,0,0,0,0,0,0,78,59,137,8
32030000,สพป.สุรินทร์ เขต 3,32030087,เกษตรอีสานสามัคคี,0,0,0,0,16,6,22,1,10,10,20,1,26,16,42,2,9,11,20,1,13,9,22,1,8,10,18,1,5,8,13,1,7,15,22,1,6,8,14,1,48,61,109,6,0,0,0,0,0,0,0,0,0,0,0,0,0,0,0,0,0,0,0,0,0,0,0,0,0,0,0,0,0,0,0,0,0,0,0,0,0,0,0,0,0,0,0,0,74,77,151,8
32030000,สพป.สุรินทร์ เขต 3,32030088,บ้านโนนสวรรค์,0,0,0,0,19,21,40,2,26,21,47,2,45,42,87,4,20,18,38,2,17,20,37,2,17,12,29,1,25,20,45,2,14,10,24,1,23,16,39,2,116,96,212,10,5,13,18,1,12,14,26,1,16,11,27,1,33,38,71,3,0,0,0,0,0,0,0,0,0,0,0,0,0,0,0,0,0,0,0,0,0,0,0,0,0,0,0,0,194,176,370,17
32030000,สพป.สุรินทร์ เขต 3,32030089,บ้านถนนชัย,0,0,0,0,13,9,22,1,10,7,17,1,23,16,39,2,8,14,22,1,17,4,21,1,12,10,22,1,13,6,19,1,12,11,23,1,13,16,29,1,75,61,136,6,0,0,0,0,0,0,0,0,0,0,0,0,0,0,0,0,0,0,0,0,0,0,0,0,0,0,0,0,0,0,0,0,0,0,0,0,0,0,0,0,0,0,0,0,98,77,175,8
32030000,สพป.สุรินทร์ เขต 3,32030090,บ้านโนนทอง,0,0,0,0,10,4,14,1,5,6,11,1,15,10,25,2,15,13,28,1,11,6,17,1,6,11,17,1,6,13,19,1,6,7,13,1,7,7,14,1,51,57,108,6,0,0,0,0,0,0,0,0,0,0,0,0,0,0,0,0,0,0,0,0,0,0,0,0,0,0,0,0,0,0,0,0,0,0,0,0,0,0,0,0,0,0,0,0,66,67,133,8
32030000,สพป.สุรินทร์ เขต 3,32030091,บ้านกู่,0,0,0,0,9,12,21,1,11,6,17,1,20,18,38,2,7,7,14,1,10,11,21,1,7,15,22,1,7,8,15,1,11,11,22,1,8,9,17,1,50,61,111,6,0,0,0,0,0,0,0,0,0,0,0,0,0,0,0,0,0,0,0,0,0,0,0,0,0,0,0,0,0,0,0,0,0,0,0,0,0,0,0,0,0,0,0,0,70,79,149,8
32030000,สพป.สุรินทร์ เขต 3,32030092,บ้านโพนทอง,0,0,0,0,9,7,16,1,15,15,30,1,24,22,46,2,10,12,22,1,14,8,22,1,7,14,21,1,10,14,24,1,9,7,16,1,4,8,12,1,54,63,117,6,0,0,0,0,0,0,0,0,0,0,0,0,0,0,0,0,0,0,0,0,0,0,0,0,0,0,0,0,0,0,0,0,0,0,0,0,0,0,0,0,0,0,0,0,78,85,163,8
32030000,สพป.สุรินทร์ เขต 3,32030093,แสงทองสมบูรณ์วิทยา,2,9,11,1,5,3,8,1,7,7,14,1,14,19,33,3,9,5,14,1,5,6,11,1,5,4,9,1,7,9,16,1,15,13,28,1,5,10,15,1,46,47,93,6,0,0,0,0,0,0,0,0,0,0,0,0,0,0,0,0,0,0,0,0,0,0,0,0,0,0,0,0,0,0,0,0,0,0,0,0,0,0,0,0,0,0,0,0,60,66,126,9
32030000,สพป.สุรินทร์ เขต 3,32030094,บ้านโจรก,0,0,0,0,21,17,38,2,23,25,48,2,44,42,86,4,15,24,39,2,19,20,39,2,30,14,44,2,21,21,42,2,16,20,36,2,14,21,35,2,115,120,235,12,24,20,44,2,26,22,48,2,17,20,37,1,67,62,129,5,0,0,0,0,0,0,0,0,0,0,0,0,0,0,0,0,0,0,0,0,0,0,0,0,0,0,0,0,226,224,450,21
32030000,สพป.สุรินทร์ เขต 3,32030095,บ้านด่าน,0,0,0,0,25,28,53,2,21,23,44,2,46,51,97,4,16,29,45,2,26,13,39,2,22,27,49,2,22,19,41,2,23,24,47,2,22,20,42,2,131,132,263,12,23,16,39,2,19,16,35,1,20,20,40,2,62,52,114,5,0,0,0,0,0,0,0,0,0,0,0,0,0,0,0,0,0,0,0,0,0,0,0,0,0,0,0,0,239,235,474,21
32030000,สพป.สุรินทร์ เขต 3,32030096,บ้านเกษตรถาวร,0,0,0,0,12,8,20,1,10,11,21,1,22,19,41,2,11,6,17,1,11,12,23,1,18,17,35,2,13,11,24,1,8,12,20,1,11,10,21,1,72,68,140,7,10,11,21,1,17,22,39,2,10,9,19,1,37,42,79,4,0,0,0,0,0,0,0,0,0,0,0,0,0,0,0,0,0,0,0,0,0,0,0,0,0,0,0,0,131,129,260,13
32030000,สพป.สุรินทร์ เขต 3,32030097,เรืองเจริญพัฒนา,0,0,0,0,21,9,30,1,12,8,20,1,33,17,50,2,12,8,20,1,12,13,25,1,9,10,19,1,11,6,17,1,9,12,21,1,10,9,19,1,63,58,121,6,0,0,0,0,0,0,0,0,0,0,0,0,0,0,0,0,0,0,0,0,0,0,0,0,0,0,0,0,0,0,0,0,0,0,0,0,0,0,0,0,0,0,0,0,96,75,171,8
32030000,สพป.สุรินทร์ เขต 3,32030098,บ้านสกล,0,0,0,0,16,6,22,1,11,13,24,1,27,19,46,2,7,8,15,1,10,7,17,1,12,10,22,1,11,14,25,1,14,6,20,1,15,6,21,1,69,51,120,6,0,0,0,0,0,0,0,0,0,0,0,0,0,0,0,0,0,0,0,0,0,0,0,0,0,0,0,0,0,0,0,0,0,0,0,0,0,0,0,0,0,0,0,0,96,70,166,8
32030000,สพป.สุรินทร์ เขต 3,32030099,บ้านตะเคียน,0,0,0,0,15,8,23,1,13,7,20,1,28,15,43,2,16,5,21,1,15,17,32,2,11,7,18,1,23,11,34,1,15,12,27,1,12,18,30,1,92,70,162,7,15,12,27,2,15,4,19,1,4,9,13,1,34,25,59,4,0,0,0,0,0,0,0,0,0,0,0,0,0,0,0,0,0,0,0,0,0,0,0,0,0,0,0,0,154,110,264,13
32030000,สพป.สุรินทร์ เขต 3,32030100,นิคมสร้างตนเองปราสาท2,0,0,0,0,11,13,24,1,11,13,24,1,22,26,48,2,9,8,17,1,9,14,23,1,12,12,24,1,19,12,31,1,14,16,30,1,12,13,25,1,75,75,150,6,0,0,0,0,0,0,0,0,0,0,0,0,0,0,0,0,0,0,0,0,0,0,0,0,0,0,0,0,0,0,0,0,0,0,0,0,0,0,0,0,0,0,0,0,97,101,198,8
32030000,สพป.สุรินทร์ เขต 3,32030101,บ้านสระทอง,0,0,0,0,18,15,33,2,21,18,39,2,39,33,72,4,15,14,29,1,14,22,36,2,19,17,36,2,19,21,40,2,20,20,40,2,17,20,37,2,104,114,218,11,14,13,27,1,29,16,45,2,23,20,43,2,66,49,115,5,0,0,0,0,0,0,0,0,0,0,0,0,0,0,0,0,0,0,0,0,0,0,0,0,0,0,0,0,209,196,405,20
32030000,สพป.สุรินทร์ เขต 3,32030102,ประชาสามัคคี,0,0,0,0,20,15,35,1,15,13,28,1,35,28,63,2,17,14,31,1,12,16,28,1,9,8,17,1,14,11,25,1,11,17,28,1,11,13,24,1,74,79,153,6,11,10,21,1,23,16,39,2,25,13,38,2,59,39,98,5,0,0,0,0,0,0,0,0,0,0,0,0,0,0,0,0,0,0,0,0,0,0,0,0,0,0,0,0,168,146,314,13
32030000,สพป.สุรินทร์ เขต 3,32030103,บ้านแนงมุด,0,0,0,0,27,28,55,2,23,16,39,2,50,44,94,4,25,15,40,2,19,23,42,2,27,19,46,2,28,21,49,2,26,18,44,2,22,20,42,2,147,116,263,12,15,20,35,1,25,11,36,1,8,17,25,1,48,48,96,3,0,0,0,0,0,0,0,0,0,0,0,0,0,0,0,0,0,0,0,0,0,0,0,0,0,0,0,0,245,208,453,19
32030000,สพป.สุรินทร์ เขต 3,32030104,บ้านกระเทียม(ราษฎร์วิทยาคม),0,0,0,0,25,25,50,2,36,28,64,2,61,53,114,4,34,23,57,2,25,27,52,2,18,18,36,2,26,17,43,2,30,22,52,2,21,24,45,2,154,131,285,12,0,0,0,0,0,0,0,0,0,0,0,0,0,0,0,0,0,0,0,0,0,0,0,0,0,0,0,0,0,0,0,0,0,0,0,0,0,0,0,0,0,0,0,0,215,184,399,16
32030000,สพป.สุรินทร์ เขต 3,32030105,บ้านแยงมิตรภาพที่ 146,0,0,0,0,17,21,38,1,24,16,40,1,41,37,78,2,16,9,25,1,18,11,29,1,12,10,22,1,17,20,37,1,29,11,40,1,17,18,35,1,109,79,188,6,0,0,0,0,0,0,0,0,0,0,0,0,0,0,0,0,0,0,0,0,0,0,0,0,0,0,0,0,0,0,0,0,0,0,0,0,0,0,0,0,0,0,0,0,150,116,266,8
32030000,สพป.สุรินทร์ เขต 3,32030106,บ้านโนนสบาย,0,0,0,0,7,5,12,1,12,9,21,1,19,14,33,2,9,7,16,1,11,10,21,1,10,12,22,1,9,8,17,1,16,12,28,1,18,12,30,1,73,61,134,6,0,0,0,0,0,0,0,0,0,0,0,0,0,0,0,0,0,0,0,0,0,0,0,0,0,0,0,0,0,0,0,0,0,0,0,0,0,0,0,0,0,0,0,0,92,75,167,8
32030000,สพป.สุรินทร์ เขต 3,32030107,บ้านถนน,0,0,0,0,8,6,14,1,4,9,13,1,12,15,27,2,4,7,11,1,7,2,9,1,3,4,7,1,6,8,14,1,4,2,6,1,3,7,10,1,27,30,57,6,0,0,0,0,0,0,0,0,0,0,0,0,0,0,0,0,0,0,0,0,0,0,0,0,0,0,0,0,0,0,0,0,0,0,0,0,0,0,0,0,0,0,0,0,39,45,84,8
32030000,สพป.สุรินทร์ เขต 3,32030108,บ้านโคกรัมย์,0,0,0,0,7,10,17,1,14,12,26,1,21,22,43,2,18,14,32,1,16,11,27,1,6,12,18,1,7,8,15,1,8,7,15,1,11,10,21,1,66,62,128,6,9,0,9,1,0,0,0,0,3,4,7,1,12,4,16,2,0,0,0,0,0,0,0,0,0,0,0,0,0,0,0,0,0,0,0,0,0,0,0,0,0,0,0,0,99,88,187,10
32030000,สพป.สุรินทร์ เขต 3,32030109,สหราษฎร์วิทยา,0,0,0,0,3,12,15,1,11,13,24,1,14,25,39,2,7,12,19,1,8,10,18,1,2,7,9,1,7,6,13,1,9,9,18,1,6,10,16,1,39,54,93,6,9,10,19,1,4,8,12,1,12,16,28,1,25,34,59,3,0,0,0,0,0,0,0,0,0,0,0,0,0,0,0,0,0,0,0,0,0,0,0,0,0,0,0,0,78,113,191,11
32030000,สพป.สุรินทร์ เขต 3,32030110,บ้านขอนแตก,0,0,0,0,19,8,27,1,15,13,28,1,34,21,55,2,17,11,28,1,10,12,22,1,7,11,18,1,11,8,19,1,8,11,19,1,11,12,23,1,64,65,129,6,13,11,24,2,13,27,40,2,12,11,23,1,38,49,87,5,0,0,0,0,0,0,0,0,0,0,0,0,0,0,0,0,0,0,0,0,0,0,0,0,0,0,0,0,136,135,271,13
32030000,สพป.สุรินทร์ เขต 3,32030111,บ้านอาวอก,0,0,0,0,9,5,14,1,5,12,17,1,14,17,31,2,2,8,10,1,7,11,18,1,10,9,19,1,6,7,13,1,10,4,14,1,10,6,16,1,45,45,90,6,0,0,0,0,0,0,0,0,0,0,0,0,0,0,0,0,0,0,0,0,0,0,0,0,0,0,0,0,0,0,0,0,0,0,0,0,0,0,0,0,0,0,0,0,59,62,121,8
32030000,สพป.สุรินทร์ เขต 3,32030112,บ้านโตงน้อย,0,0,0,0,12,13,25,1,14,12,26,1,26,25,51,2,18,20,38,2,11,18,29,1,14,12,26,1,27,20,47,2,16,14,30,1,15,13,28,1,101,97,198,8,17,13,30,1,16,17,33,1,19,22,41,2,52,52,104,4,0,0,0,0,0,0,0,0,0,0,0,0,0,0,0,0,0,0,0,0,0,0,0,0,0,0,0,0,179,174,353,14
32030000,สพป.สุรินทร์ เขต 3,32030113,บ้านตอกตรา,0,0,0,0,9,7,16,1,8,8,16,1,17,15,32,2,9,10,19,1,9,13,22,1,11,7,18,1,9,8,17,1,9,10,19,1,5,7,12,1,52,55,107,6,0,0,0,0,0,0,0,0,0,0,0,0,0,0,0,0,0,0,0,0,0,0,0,0,0,0,0,0,0,0,0,0,0,0,0,0,0,0,0,0,0,0,0,0,69,70,139,8
32030000,สพป.สุรินทร์ เขต 3,32030114,หนองโสนวิทยา,0,0,0,0,12,17,29,1,9,9,18,1,21,26,47,2,11,11,22,1,23,9,32,1,10,14,24,1,16,12,28,1,10,23,33,1,20,21,41,2,90,90,180,7,15,15,30,1,16,5,21,1,13,4,17,1,44,24,68,3,0,0,0,0,0,0,0,0,0,0,0,0,0,0,0,0,0,0,0,0,0,0,0,0,0,0,0,0,155,140,295,12
32030000,สพป.สุรินทร์ เขต 3,32030115,สุขพรหมมีศรัทธาญาติ,0,0,0,0,4,10,14,1,2,3,5,1,6,13,19,2,10,4,14,1,9,5,14,1,9,4,13,1,8,6,14,1,8,3,11,1,8,4,12,1,52,26,78,6,0,0,0,0,0,0,0,0,0,0,0,0,0,0,0,0,0,0,0,0,0,0,0,0,0,0,0,0,0,0,0,0,0,0,0,0,0,0,0,0,0,0,0,0,58,39,97,8
32030000,สพป.สุรินทร์ เขต 3,32030116,บ้านศรีมงคล,0,0,0,0,8,4,12,1,6,7,13,1,14,11,25,2,5,3,8,1,6,4,10,1,7,3,10,1,7,5,12,1,2,3,5,1,5,5,10,1,32,23,55,6,0,0,0,0,0,0,0,0,0,0,0,0,0,0,0,0,0,0,0,0,0,0,0,0,0,0,0,0,0,0,0,0,0,0,0,0,0,0,0,0,0,0,0,0,46,34,80,8
32030000,สพป.สุรินทร์ เขต 3,32030117,ดมวิทยาคาร,0,0,0,0,15,17,32,1,24,19,43,2,39,36,75,3,6,12,18,1,14,15,29,1,21,10,31,1,8,12,20,1,15,14,29,1,15,9,24,1,79,72,151,6,0,0,0,0,0,0,0,0,0,0,0,0,0,0,0,0,0,0,0,0,0,0,0,0,0,0,0,0,0,0,0,0,0,0,0,0,0,0,0,0,0,0,0,0,118,108,226,9
32030000,สพป.สุรินทร์ เขต 3,32030118,บ้านสนบ,0,0,0,0,23,23,46,2,14,15,29,1,37,38,75,3,19,11,30,1,18,13,31,1,23,13,36,1,14,19,33,1,18,20,38,2,11,9,20,1,103,85,188,7,0,0,0,0,0,0,0,0,0,0,0,0,0,0,0,0,0,0,0,0,0,0,0,0,0,0,0,0,0,0,0,0,0,0,0,0,0,0,0,0,0,0,0,0,140,123,263,10
32030000,สพป.สุรินทร์ เขต 3,32030119,บ้านเถกิง,0,0,0,0,8,12,20,1,8,18,26,1,16,30,46,2,16,9,25,1,10,18,28,1,14,17,31,1,15,17,32,1,9,12,21,1,24,24,48,2,88,97,185,7,21,15,36,1,16,8,24,1,13,15,28,1,50,38,88,3,0,0,0,0,0,0,0,0,0,0,0,0,0,0,0,0,0,0,0,0,0,0,0,0,0,0,0,0,154,165,319,12
32030000,สพป.สุรินทร์ เขต 3,32030120,บ้านกะปู,0,0,0,0,7,4,11,1,11,4,15,1,18,8,26,2,7,6,13,1,4,7,11,1,10,7,17,1,9,7,16,1,7,9,16,1,6,7,13,1,43,43,86,6,0,0,0,0,0,0,0,0,0,0,0,0,0,0,0,0,0,0,0,0,0,0,0,0,0,0,0,0,0,0,0,0,0,0,0,0,0,0,0,0,0,0,0,0,61,51,112,8
32030000,สพป.สุรินทร์ เขต 3,32030121,บ้านตาคง,0,0,0,0,17,9,26,1,17,11,28,1,34,20,54,2,12,7,19,1,12,13,25,2,11,12,23,1,15,15,30,1,12,10,22,1,12,9,21,1,74,66,140,7,0,0,0,0,0,0,0,0,0,0,0,0,0,0,0,0,0,0,0,0,0,0,0,0,0,0,0,0,0,0,0,0,0,0,0,0,0,0,0,0,0,0,0,0,108,86,194,9
32030000,สพป.สุรินทร์ เขต 3,32030122,จตุคามวิทยา,0,0,0,0,6,16,22,1,11,9,20,1,17,25,42,2,12,11,23,1,11,7,18,1,14,11,25,1,7,11,18,1,8,8,16,1,15,10,25,1,67,58,125,6,0,0,0,0,0,0,0,0,0,0,0,0,0,0,0,0,0,0,0,0,0,0,0,0,0,0,0,0,0,0,0,0,0,0,0,0,0,0,0,0,0,0,0,0,84,83,167,8
32030000,สพป.สุรินทร์ เขต 3,32030123,บ้านห้วยปูน,0,0,0,0,3,2,5,1,8,7,15,1,11,9,20,2,7,4,11,1,3,8,11,1,3,5,8,1,6,6,12,1,8,6,14,1,5,2,7,1,32,31,63,6,0,0,0,0,0,0,0,0,0,0,0,0,0,0,0,0,0,0,0,0,0,0,0,0,0,0,0,0,0,0,0,0,0,0,0,0,0,0,0,0,0,0,0,0,43,40,83,8
32030000,สพป.สุรินทร์ เขต 3,32030124,บ้านสนวน,0,0,0,0,11,5,16,1,9,7,16,1,20,12,32,2,13,6,19,1,3,11,14,1,7,6,13,1,6,10,16,1,4,9,13,1,8,9,17,1,41,51,92,6,0,0,0,0,0,0,0,0,0,0,0,0,0,0,0,0,0,0,0,0,0,0,0,0,0,0,0,0,0,0,0,0,0,0,0,0,0,0,0,0,0,0,0,0,61,63,124,8
32030000,สพป.สุรินทร์ เขต 3,32030125,บ้านขนาดมอญ,0,0,0,0,33,39,72,2,32,38,70,2,65,77,142,4,27,26,53,2,42,33,75,3,23,39,62,3,37,22,59,2,28,36,64,3,30,45,75,3,187,201,388,16,0,0,0,0,0,0,0,0,0,0,0,0,0,0,0,0,0,0,0,0,0,0,0,0,0,0,0,0,0,0,0,0,0,0,0,0,0,0,0,0,0,0,0,0,252,278,530,20
32030000,สพป.สุรินทร์ เขต 3,32030126,บ้านตาแตรวทัพดัด,0,0,0,0,27,24,51,2,15,20,35,2,42,44,86,4,20,20,40,2,14,24,38,2,26,22,48,2,14,21,35,2,12,17,29,2,27,18,45,2,113,122,235,12,19,21,40,2,20,24,44,2,15,20,35,2,54,65,119,6,0,0,0,0,0,0,0,0,0,0,0,0,0,0,0,0,0,0,0,0,0,0,0,0,0,0,0,0,209,231,440,22
32030000,สพป.สุรินทร์ เขต 3,32030127,บ้านปวงตึก,0,0,0,0,19,15,34,2,19,21,40,2,38,36,74,4,25,9,34,2,17,19,36,2,19,16,35,2,16,13,29,2,19,13,32,2,30,31,61,2,126,101,227,12,0,0,0,0,0,0,0,0,0,0,0,0,0,0,0,0,0,0,0,0,0,0,0,0,0,0,0,0,0,0,0,0,0,0,0,0,0,0,0,0,0,0,0,0,164,137,301,16
32030000,สพป.สุรินทร์ เขต 3,32030128,บ้านห้วยสิงห์,1,4,5,1,1,5,6,1,2,1,3,1,4,10,14,3,6,3,9,1,11,5,16,1,7,3,10,1,3,3,6,1,4,5,9,1,9,4,13,1,40,23,63,6,0,0,0,0,0,0,0,0,0,0,0,0,0,0,0,0,0,0,0,0,0,0,0,0,0,0,0,0,0,0,0,0,0,0,0,0,0,0,0,0,0,0,0,0,44,33,77,9
32030000,สพป.สุรินทร์ เขต 3,32030129,บ้านภูมินิยมพัฒนา,9,7,16,1,12,10,22,1,11,8,19,1,32,25,57,3,10,10,20,1,10,7,17,1,6,9,15,1,6,4,10,1,13,8,21,1,4,6,10,1,49,44,93,6,0,0,0,0,0,0,0,0,0,0,0,0,0,0,0,0,0,0,0,0,0,0,0,0,0,0,0,0,0,0,0,0,0,0,0,0,0,0,0,0,0,0,0,0,81,69,150,9
32030000,สพป.สุรินทร์ เขต 3,32030130,สตรีวิทยาสมาคม,11,4,15,1,3,5,8,1,3,5,8,1,17,14,31,3,4,4,8,1,2,7,9,1,8,6,14,1,6,5,11,1,6,7,13,1,4,7,11,1,30,36,66,6,0,0,0,0,0,0,0,0,0,0,0,0,0,0,0,0,0,0,0,0,0,0,0,0,0,0,0,0,0,0,0,0,0,0,0,0,0,0,0,0,0,0,0,0,47,50,97,9
32030000,สพป.สุรินทร์ เขต 3,32030131,บ้านคะนา,4,7,11,1,7,3,10,1,9,2,11,1,20,12,32,3,7,4,11,1,8,4,12,1,9,3,12,1,9,5,14,1,3,5,8,1,4,7,11,1,40,28,68,6,0,0,0,0,0,0,0,0,0,0,0,0,0,0,0,0,0,0,0,0,0,0,0,0,0,0,0,0,0,0,0,0,0,0,0,0,0,0,0,0,0,0,0,0,60,40,100,9
32030000,สพป.สุรินทร์ เขต 3,32030132,บ้านทัพทัน,0,0,0,0,4,7,11,1,7,8,15,1,11,15,26,2,11,7,18,1,7,4,11,1,6,10,16,1,10,6,16,1,9,5,14,1,9,7,16,1,52,39,91,6,0,0,0,0,0,0,0,0,0,0,0,0,0,0,0,0,0,0,0,0,0,0,0,0,0,0,0,0,0,0,0,0,0,0,0,0,0,0,0,0,0,0,0,0,63,54,117,8
32030000,สพป.สุรินทร์ เขต 3,32030133,บ้านเลิศอรุณ,0,0,0,0,15,21,36,1,11,18,29,1,26,39,65,2,18,10,28,1,16,17,33,1,10,16,26,1,22,9,31,1,20,17,37,2,23,18,41,2,109,87,196,8,25,18,43,2,19,17,36,1,18,15,33,1,62,50,112,4,0,0,0,0,0,0,0,0,0,0,0,0,0,0,0,0,0,0,0,0,0,0,0,0,0,0,0,0,197,176,373,14
32030000,สพป.สุรินทร์ เขต 3,32030134,บ้านเสรียง,0,0,0,0,7,1,8,1,10,7,17,1,17,8,25,2,8,12,20,1,12,9,21,1,8,10,18,1,6,8,14,1,9,6,15,1,8,11,19,1,51,56,107,6,0,0,0,0,0,0,0,0,0,0,0,0,0,0,0,0,0,0,0,0,0,0,0,0,0,0,0,0,0,0,0,0,0,0,0,0,0,0,0,0,0,0,0,0,68,64,132,8
32030000,สพป.สุรินทร์ เขต 3,32030135,บ้านร่มเย็น,0,0,0,0,12,12,24,1,8,10,18,1,20,22,42,2,13,10,23,1,3,7,10,1,4,11,15,1,8,9,17,1,12,10,22,1,7,10,17,1,47,57,104,6,0,0,0,0,0,0,0,0,0,0,0,0,0,0,0,0,0,0,0,0,0,0,0,0,0,0,0,0,0,0,0,0,0,0,0,0,0,0,0,0,0,0,0,0,67,79,146,8
32030000,สพป.สุรินทร์ เขต 3,32030136,บ้านลำหาด,0,0,0,0,11,9,20,1,16,7,23,1,27,16,43,2,16,8,24,1,8,7,15,1,5,10,15,1,13,11,24,1,8,6,14,1,12,9,21,1,62,51,113,6,14,19,33,1,6,4,10,1,18,6,24,1,38,29,67,3,0,0,0,0,0,0,0,0,0,0,0,0,0,0,0,0,0,0,0,0,0,0,0,0,0,0,0,0,127,96,223,11
32030000,สพป.สุรินทร์ เขต 3,32030137,บ้านโนนเจริญ,0,0,0,0,11,6,17,1,4,4,8,1,15,10,25,2,13,8,21,1,10,6,16,1,7,4,11,1,9,3,12,1,9,7,16,1,7,6,13,1,55,34,89,6,0,0,0,0,0,0,0,0,0,0,0,0,0,0,0,0,0,0,0,0,0,0,0,0,0,0,0,0,0,0,0,0,0,0,0,0,0,0,0,0,0,0,0,0,70,44,114,8
32030000,สพป.สุรินทร์ เขต 3,32030138,บ้านวังปลัด,0,0,0,0,9,8,17,1,8,10,18,1,17,18,35,2,6,5,11,1,8,6,14,1,4,10,14,1,8,11,19,1,11,9,20,1,7,5,12,1,44,46,90,6,15,5,20,1,16,8,24,1,10,8,18,1,41,21,62,3,0,0,0,0,0,0,0,0,0,0,0,0,0,0,0,0,0,0,0,0,0,0,0,0,0,0,0,0,102,85,187,11
32030000,สพป.สุรินทร์ เขต 3,32030139,บ้านตาพราม,0,0,0,0,16,11,27,1,10,8,18,1,26,19,45,2,15,6,21,1,14,9,23,1,7,3,10,1,8,4,12,1,8,12,20,1,12,13,25,1,64,47,111,6,11,10,21,1,15,8,23,1,13,10,23,1,39,28,67,3,0,0,0,0,0,0,0,0,0,0,0,0,0,0,0,0,0,0,0,0,0,0,0,0,0,0,0,0,129,94,223,11
32030000,สพป.สุรินทร์ เขต 3,32030140,บ้านศาลา,0,0,0,0,6,7,13,1,8,5,13,1,14,12,26,2,6,11,17,1,6,5,11,1,2,4,6,1,4,5,9,1,2,8,10,1,6,3,9,1,26,36,62,6,0,0,0,0,0,0,0,0,0,0,0,0,0,0,0,0,0,0,0,0,0,0,0,0,0,0,0,0,0,0,0,0,0,0,0,0,0,0,0,0,0,0,0,0,40,48,88,8
32030000,สพป.สุรินทร์ เขต 3,32030141,บ้านชำเบง,0,0,0,0,20,27,47,2,18,21,39,1,38,48,86,3,20,21,41,2,23,19,42,2,13,12,25,1,15,10,25,1,13,13,26,1,13,18,31,1,97,93,190,8,0,0,0,0,0,0,0,0,0,0,0,0,0,0,0,0,0,0,0,0,0,0,0,0,0,0,0,0,0,0,0,0,0,0,0,0,0,0,0,0,0,0,0,0,135,141,276,11
32030000,สพป.สุรินทร์ เขต 3,32030142,บ้านลันแต้,0,0,0,0,19,12,31,1,7,17,24,1,26,29,55,2,8,13,21,1,12,19,31,2,15,9,24,1,9,11,20,1,8,6,14,1,8,9,17,1,60,67,127,7,0,0,0,0,0,0,0,0,0,0,0,0,0,0,0,0,0,0,0,0,0,0,0,0,0,0,0,0,0,0,0,0,0,0,0,0,0,0,0,0,0,0,0,0,86,96,182,9
32030000,สพป.สุรินทร์ เขต 3,32030143,บ้านกะเลงเวกทับทิมสยาม,0,0,0,0,18,12,30,1,9,8,17,1,27,20,47,2,5,3,8,1,14,11,25,1,9,1,10,1,5,6,11,1,6,10,16,1,9,11,20,1,48,42,90,6,0,0,0,0,0,0,0,0,0,0,0,0,0,0,0,0,0,0,0,0,0,0,0,0,0,0,0,0,0,0,0,0,0,0,0,0,0,0,0,0,0,0,0,0,75,62,137,8
32030000,สพป.สุรินทร์ เขต 3,32030144,บ้านโคกไทร,0,0,0,0,14,11,25,1,14,18,32,1,28,29,57,2,18,11,29,1,13,16,29,1,16,10,26,1,17,12,29,1,10,17,27,1,11,10,21,1,85,76,161,6,16,13,29,1,13,14,27,1,17,9,26,1,46,36,82,3,0,0,0,0,0,0,0,0,0,0,0,0,0,0,0,0,0,0,0,0,0,0,0,0,0,0,0,0,159,141,300,11
32030000,สพป.สุรินทร์ เขต 3,32030145,บ้านโพธิ์,2,5,7,1,3,6,9,1,4,4,8,1,9,15,24,3,4,5,9,1,5,3,8,1,5,2,7,1,5,4,9,1,4,5,9,1,6,0,6,1,29,19,48,6,0,0,0,0,0,0,0,0,0,0,0,0,0,0,0,0,0,0,0,0,0,0,0,0,0,0,0,0,0,0,0,0,0,0,0,0,0,0,0,0,0,0,0,0,38,34,72,9
32030000,สพป.สุรินทร์ เขต 3,32030146,บ้านอังกอล,0,0,0,0,4,8,12,1,7,3,10,1,11,11,22,2,12,6,18,1,7,7,14,1,11,7,18,1,6,6,12,1,7,4,11,1,7,9,16,1,50,39,89,6,0,0,0,0,0,0,0,0,0,0,0,0,0,0,0,0,0,0,0,0,0,0,0,0,0,0,0,0,0,0,0,0,0,0,0,0,0,0,0,0,0,0,0,0,61,50,111,8
32030000,สพป.สุรินทร์ เขต 3,32030147,บ้านจารย์,0,0,0,0,32,19,51,2,21,36,57,2,53,55,108,4,25,23,48,2,21,19,40,2,16,24,40,2,22,14,36,2,24,22,46,2,41,12,53,2,149,114,263,12,18,21,39,1,33,21,54,2,14,17,31,1,65,59,124,4,0,0,0,0,0,0,0,0,0,0,0,0,0,0,0,0,0,0,0,0,0,0,0,0,0,0,0,0,267,228,495,20
32030000,สพป.สุรินทร์ เขต 3,32030148,บ้านไทยสมบูรณ์(กรป.กลางอุทิศ),0,0,0,0,4,6,10,1,2,6,8,1,6,12,18,2,3,5,8,1,8,7,15,1,6,0,6,1,6,5,11,1,6,4,10,1,6,5,11,1,35,26,61,6,0,0,0,0,0,0,0,0,0,0,0,0,0,0,0,0,0,0,0,0,0,0,0,0,0,0,0,0,0,0,0,0,0,0,0,0,0,0,0,0,0,0,0,0,41,38,79,8
32030000,สพป.สุรินทร์ เขต 3,32030149,บ้านโพนชาย,0,0,0,0,7,5,12,1,7,8,15,1,14,13,27,2,9,10,19,1,7,6,13,1,9,6,15,1,5,6,11,1,7,6,13,1,9,4,13,1,46,38,84,6,0,0,0,0,0,0,0,0,0,0,0,0,0,0,0,0,0,0,0,0,0,0,0,0,0,0,0,0,0,0,0,0,0,0,0,0,0,0,0,0,0,0,0,0,60,51,111,8
32030000,สพป.สุรินทร์ เขต 3,32030150,บ้านชำสมิง,0,0,0,0,13,7,20,1,6,5,11,1,19,12,31,2,15,10,25,1,7,12,19,1,11,6,17,1,8,10,18,1,17,14,31,1,14,11,25,1,72,63,135,6,0,0,0,0,0,0,0,0,0,0,0,0,0,0,0,0,0,0,0,0,0,0,0,0,0,0,0,0,0,0,0,0,0,0,0,0,0,0,0,0,0,0,0,0,91,75,166,8
32030000,สพป.สุรินทร์ เขต 3,32030151,บ้านศาลาสามัคคี,0,0,0,0,24,25,49,2,20,29,49,2,44,54,98,4,27,22,49,2,25,19,44,2,32,15,47,2,18,25,43,2,26,22,48,2,28,24,52,2,156,127,283,12,20,21,41,2,16,14,30,1,27,15,42,2,63,50,113,5,0,0,0,0,0,0,0,0,0,0,0,0,0,0,0,0,0,0,0,0,0,0,0,0,0,0,0,0,263,231,494,21
32030000,สพป.สุรินทร์ เขต 3,32030152,บ้านพรหมสะอาด,0,0,0,0,11,7,18,1,4,9,13,1,15,16,31,2,12,9,21,1,3,4,7,1,5,11,16,1,5,10,15,1,7,7,14,1,11,6,17,1,43,47,90,6,0,0,0,0,0,0,0,0,0,0,0,0,0,0,0,0,0,0,0,0,0,0,0,0,0,0,0,0,0,0,0,0,0,0,0,0,0,0,0,0,0,0,0,0,58,63,121,8
32030000,สพป.สุรินทร์ เขต 3,32030153,ราษฎร์พัฒนา,0,0,0,0,9,15,24,1,22,16,38,2,31,31,62,3,12,13,25,1,23,24,47,2,14,8,22,1,17,19,36,2,18,21,39,2,19,16,35,1,103,101,204,9,31,16,47,2,22,9,31,2,20,16,36,2,73,41,114,6,0,0,0,0,0,0,0,0,0,0,0,0,0,0,0,0,0,0,0,0,0,0,0,0,0,0,0,0,207,173,380,18
32030000,สพป.สุรินทร์ เขต 3,32030154,บ้านหนองขี้เหล็ก,0,0,0,0,6,10,16,1,10,7,17,1,16,17,33,2,8,11,19,1,13,8,21,1,6,7,13,1,14,6,20,1,8,9,17,1,8,11,19,1,57,52,109,6,0,0,0,0,0,0,0,0,0,0,0,0,0,0,0,0,0,0,0,0,0,0,0,0,0,0,0,0,0,0,0,0,0,0,0,0,0,0,0,0,0,0,0,0,73,69,142,8
32030000,สพป.สุรินทร์ เขต 3,32030155,บ้านพระแก้ว,0,0,0,0,21,26,47,2,29,25,54,2,50,51,101,4,29,30,59,2,26,38,64,2,25,18,43,2,22,20,42,2,28,27,55,2,25,21,46,2,155,154,309,12,17,20,37,1,16,27,43,2,14,17,31,1,47,64,111,4,0,0,0,0,0,0,0,0,0,0,0,0,0,0,0,0,0,0,0,0,0,0,0,0,0,0,0,0,252,269,521,20
32030000,สพป.สุรินทร์ เขต 3,32030156,บ้านกระสัง,0,0,0,0,15,12,27,1,19,10,29,1,34,22,56,2,24,14,38,2,19,19,38,1,20,16,36,1,14,16,30,1,10,11,21,1,11,18,29,1,98,94,192,7,29,18,47,2,10,9,19,1,14,9,23,1,53,36,89,4,0,0,0,0,0,0,0,0,0,0,0,0,0,0,0,0,0,0,0,0,0,0,0,0,0,0,0,0,185,152,337,13
32030000,สพป.สุรินทร์ เขต 3,32030157,บ้านแสนกาง,0,0,0,0,16,13,29,1,7,6,13,1,23,19,42,2,13,11,24,1,5,13,18,1,16,12,28,1,9,16,25,1,10,8,18,1,15,9,24,1,68,69,137,6,6,7,13,1,7,10,17,1,12,7,19,1,25,24,49,3,0,0,0,0,0,0,0,0,0,0,0,0,0,0,0,0,0,0,0,0,0,0,0,0,0,0,0,0,116,112,228,11
32030000,สพป.สุรินทร์ เขต 3,32030158,สหมิตรวิทยา,0,0,0,0,13,7,20,1,10,6,16,1,23,13,36,2,15,13,28,1,6,6,12,1,8,13,21,1,6,8,14,1,9,12,21,1,10,14,24,1,54,66,120,6,0,0,0,0,0,0,0,0,0,0,0,0,0,0,0,0,0,0,0,0,0,0,0,0,0,0,0,0,0,0,0,0,0,0,0,0,0,0,0,0,0,0,0,0,77,79,156,8
32030000,สพป.สุรินทร์ เขต 3,32030159,บ้านสะกาด,0,0,0,0,10,6,16,1,12,11,23,1,22,17,39,2,4,10,14,1,16,16,32,1,13,4,17,1,11,14,25,1,7,10,17,1,7,16,23,1,58,70,128,6,14,9,23,1,11,13,24,1,13,17,30,1,38,39,77,3,0,0,0,0,0,0,0,0,0,0,0,0,0,0,0,0,0,0,0,0,0,0,0,0,0,0,0,0,118,126,244,11
32030000,สพป.สุรินทร์ เขต 3,32030160,บ้านตาโมม,0,0,0,0,9,13,22,1,13,6,19,1,22,19,41,2,9,9,18,1,17,10,27,1,10,14,24,1,12,14,26,1,12,17,29,1,17,11,28,1,77,75,152,6,15,14,29,1,7,13,20,1,15,17,32,1,37,44,81,3,0,0,0,0,0,0,0,0,0,0,0,0,0,0,0,0,0,0,0,0,0,0,0,0,0,0,0,0,136,138,274,11
32030000,สพป.สุรินทร์ เขต 3,32030161,บ้านจังเอิล,0,0,0,0,4,3,7,1,4,2,6,1,8,5,13,2,2,2,4,1,5,1,6,1,3,10,13,1,3,2,5,1,5,2,7,1,3,1,4,1,21,18,39,6,0,0,0,0,0,0,0,0,0,0,0,0,0,0,0,0,0,0,0,0,0,0,0,0,0,0,0,0,0,0,0,0,0,0,0,0,0,0,0,0,0,0,0,0,29,23,52,8
32030000,สพป.สุรินทร์ เขต 3,32030162,บ้านหลัก,0,0,0,0,11,11,22,1,8,12,20,1,19,23,42,2,9,12,21,1,8,8,16,1,12,12,24,1,11,9,20,1,8,3,11,1,10,6,16,1,58,50,108,6,0,0,0,0,0,0,0,0,0,0,0,0,0,0,0,0,0,0,0,0,0,0,0,0,0,0,0,0,0,0,0,0,0,0,0,0,0,0,0,0,0,0,0,0,77,73,150,8
32030000,สพป.สุรินทร์ เขต 3,32030163,จัดสรรที่ดินสงเคราะห์,0,0,0,0,4,1,5,1,2,4,6,1,6,5,11,2,5,6,11,1,2,3,5,1,6,2,8,1,3,5,8,1,1,0,1,1,2,6,8,1,19,22,41,6,0,0,0,0,0,0,0,0,0,0,0,0,0,0,0,0,0,0,0,0,0,0,0,0,0,0,0,0,0,0,0,0,0,0,0,0,0,0,0,0,0,0,0,0,25,27,52,8
32030000,สพป.สุรินทร์ เขต 3,32030164,สังขะวิทยาคม,0,0,0,0,51,53,104,3,55,63,118,3,106,116,222,6,76,77,153,5,64,69,133,5,70,61,131,4,69,73,142,5,62,81,143,4,79,58,137,4,420,419,839,27,36,30,66,2,31,29,60,2,44,25,69,2,111,84,195,6,0,0,0,0,0,0,0,0,0,0,0,0,0,0,0,0,0,0,0,0,0,0,0,0,0,0,0,0,637,619,1256,39
32030000,สพป.สุรินทร์ เขต 3,32030165,บ้านสังขะ,0,0,0,0,28,18,46,1,23,17,40,1,51,35,86,2,20,16,36,2,26,14,40,2,13,18,31,1,17,12,29,1,20,15,35,1,19,14,33,1,115,89,204,8,0,0,0,0,0,0,0,0,0,0,0,0,0,0,0,0,0,0,0,0,0,0,0,0,0,0,0,0,0,0,0,0,0,0,0,0,0,0,0,0,0,0,0,0,166,124,290,10
32030000,สพป.สุรินทร์ เขต 3,32030166,บ้านศรีนวล,0,0,0,0,20,11,31,1,9,7,16,1,29,18,47,2,19,8,27,1,13,6,19,1,12,5,17,1,12,16,28,1,14,13,27,1,19,15,34,1,89,63,152,6,15,11,26,1,20,11,31,1,10,5,15,1,45,27,72,3,0,0,0,0,0,0,0,0,0,0,0,0,0,0,0,0,0,0,0,0,0,0,0,0,0,0,0,0,163,108,271,11
32030000,สพป.สุรินทร์ เขต 3,32030167,บ้านโดง,0,0,0,0,22,8,30,1,13,12,25,1,35,20,55,2,11,5,16,1,17,16,33,1,13,13,26,1,14,11,25,1,13,15,28,1,14,11,25,1,82,71,153,6,24,12,36,1,14,12,26,1,22,20,42,2,60,44,104,4,0,0,0,0,0,0,0,0,0,0,0,0,0,0,0,0,0,0,0,0,0,0,0,0,0,0,0,0,177,135,312,12
32030000,สพป.สุรินทร์ เขต 3,32030168,บ้านโชค,0,0,0,0,13,6,19,1,11,10,21,1,24,16,40,2,13,5,18,1,11,6,17,1,12,11,23,1,17,8,25,1,13,7,20,1,7,9,16,1,73,46,119,6,0,0,0,0,0,0,0,0,0,0,0,0,0,0,0,0,0,0,0,0,0,0,0,0,0,0,0,0,0,0,0,0,0,0,0,0,0,0,0,0,0,0,0,0,97,62,159,8
32030000,สพป.สุรินทร์ เขต 3,32030169,บ้านจรัส,0,0,0,0,19,18,37,2,19,25,44,2,38,43,81,4,17,20,37,2,27,22,49,2,24,24,48,2,22,23,45,2,22,20,42,2,24,20,44,2,136,129,265,12,17,11,28,1,11,8,19,1,7,7,14,1,35,26,61,3,0,0,0,0,0,0,0,0,0,0,0,0,0,0,0,0,0,0,0,0,0,0,0,0,0,0,0,0,209,198,407,19
32030000,สพป.สุรินทร์ เขต 3,32030170,กลาโหมราชเสนา 2,0,0,0,0,13,18,31,1,18,13,31,1,31,31,62,2,11,16,27,1,16,18,34,1,17,9,26,1,13,11,24,1,14,14,28,1,12,11,23,1,83,79,162,6,0,0,0,0,0,0,0,0,0,0,0,0,0,0,0,0,0,0,0,0,0,0,0,0,0,0,0,0,0,0,0,0,0,0,0,0,0,0,0,0,0,0,0,0,114,110,224,8
32030000,สพป.สุรินทร์ เขต 3,32030171,บ้านโอทะลัน,0,0,0,0,13,18,31,1,23,25,48,2,36,43,79,3,15,12,27,1,14,9,23,1,14,12,26,1,12,12,24,1,13,7,20,1,12,12,24,1,80,64,144,6,8,4,12,1,4,2,6,1,6,4,10,1,18,10,28,3,0,0,0,0,0,0,0,0,0,0,0,0,0,0,0,0,0,0,0,0,0,0,0,0,0,0,0,0,134,117,251,12
32030000,สพป.สุรินทร์ เขต 3,32030172,บ้านตาวัง,7,5,12,1,4,15,19,1,8,11,19,1,19,31,50,3,12,6,18,1,3,12,15,1,10,4,14,1,11,5,16,1,8,7,15,1,11,10,21,1,55,44,99,6,0,0,0,0,0,0,0,0,0,0,0,0,0,0,0,0,0,0,0,0,0,0,0,0,0,0,0,0,0,0,0,0,0,0,0,0,0,0,0,0,0,0,0,0,74,75,149,9
32030000,สพป.สุรินทร์ เขต 3,32030173,บ้านหนองเหล็ก(กองทัพบกอุปถัมภ์),0,0,0,0,5,7,12,1,7,2,9,1,12,9,21,2,6,5,11,1,5,10,15,1,8,4,12,1,6,9,15,1,6,2,8,1,4,5,9,1,35,35,70,6,0,0,0,0,0,0,0,0,0,0,0,0,0,0,0,0,0,0,0,0,0,0,0,0,0,0,0,0,0,0,0,0,0,0,0,0,0,0,0,0,0,0,0,0,47,44,91,8
32030000,สพป.สุรินทร์ เขต 3,32030174,บ้านนา,4,4,8,1,4,8,12,1,8,8,16,1,16,20,36,3,3,5,8,1,10,2,12,1,6,10,16,1,6,7,13,1,7,8,15,1,8,6,14,1,40,38,78,6,0,0,0,0,0,0,0,0,0,0,0,0,0,0,0,0,0,0,0,0,0,0,0,0,0,0,0,0,0,0,0,0,0,0,0,0,0,0,0,0,0,0,0,0,56,58,114,9
32030000,สพป.สุรินทร์ เขต 3,32030175,บ้านจบก,0,0,0,0,8,13,21,1,4,10,14,1,12,23,35,2,4,11,15,1,6,9,15,1,11,6,17,1,8,8,16,1,5,4,9,1,8,7,15,1,42,45,87,6,0,0,0,0,0,0,0,0,0,0,0,0,0,0,0,0,0,0,0,0,0,0,0,0,0,0,0,0,0,0,0,0,0,0,0,0,0,0,0,0,0,0,0,0,54,68,122,8
32030000,สพป.สุรินทร์ เขต 3,32030176,บ้านหนองโจงโลง,0,0,0,0,9,8,17,1,9,14,23,1,18,22,40,2,7,2,9,1,7,8,15,1,6,8,14,1,8,10,18,1,8,8,16,1,8,10,18,1,44,46,90,6,7,5,12,1,5,5,10,1,8,4,12,1,20,14,34,3,0,0,0,0,0,0,0,0,0,0,0,0,0,0,0,0,0,0,0,0,0,0,0,0,0,0,0,0,82,82,164,11
32030000,สพป.สุรินทร์ เขต 3,32030177,บ้านบัวขุนจง(กรป.กลางอุปถัมภ์),0,0,0,0,3,1,4,1,4,4,8,1,7,5,12,2,4,2,6,1,3,8,11,1,5,6,11,1,5,3,8,1,4,6,10,1,5,3,8,1,26,28,54,6,0,0,0,0,0,0,0,0,0,0,0,0,0,0,0,0,0,0,0,0,0,0,0,0,0,0,0,0,0,0,0,0,0,0,0,0,0,0,0,0,0,0,0,0,33,33,66,8
32030000,สพป.สุรินทร์ เขต 3,32030178,บ้านออดราษฎร์สามัคคี,0,0,0,0,6,6,12,1,5,4,9,1,11,10,21,2,3,10,13,1,1,7,8,1,7,5,12,1,4,8,12,1,8,1,9,1,7,8,15,1,30,39,69,6,0,0,0,0,0,0,0,0,0,0,0,0,0,0,0,0,0,0,0,0,0,0,0,0,0,0,0,0,0,0,0,0,0,0,0,0,0,0,0,0,0,0,0,0,41,49,90,8
32030000,สพป.สุรินทร์ เขต 3,32030179,บ้านบัวเชด,0,0,0,0,19,21,40,1,13,20,33,1,32,41,73,2,11,16,27,1,15,14,29,1,12,19,31,1,16,22,38,2,6,12,18,1,11,14,25,1,71,97,168,7,14,10,24,1,6,16,22,1,8,8,16,1,28,34,62,3,0,0,0,0,0,0,0,0,0,0,0,0,0,0,0,0,0,0,0,0,0,0,0,0,0,0,0,0,131,172,303,12
32030000,สพป.สุรินทร์ เขต 3,32030180,บ้านระมาดค้อ,0,0,0,0,14,21,35,2,25,23,48,2,39,44,83,4,24,15,39,2,25,19,44,2,31,28,59,2,18,22,40,2,23,26,49,2,27,15,42,2,148,125,273,12,0,0,0,0,0,0,0,0,0,0,0,0,0,0,0,0,0,0,0,0,0,0,0,0,0,0,0,0,0,0,0,0,0,0,0,0,0,0,0,0,0,0,0,0,187,169,356,16
32030000,สพป.สุรินทร์ เขต 3,32030181,บ้านโนนสังข์,0,0,0,0,17,20,37,2,22,15,37,2,39,35,74,4,24,18,42,2,18,23,41,2,14,14,28,1,9,20,29,1,5,11,16,1,15,17,32,1,85,103,188,8,0,0,0,0,0,0,0,0,0,0,0,0,0,0,0,0,0,0,0,0,0,0,0,0,0,0,0,0,0,0,0,0,0,0,0,0,0,0,0,0,0,0,0,0,124,138,262,12
32030000,สพป.สุรินทร์ เขต 3,32030182,บ้านสะเดา,0,0,0,0,26,16,42,2,14,17,31,1,40,33,73,3,20,11,31,2,18,16,34,1,19,14,33,1,22,15,37,1,18,15,33,1,26,16,42,1,123,87,210,7,4,2,6,1,9,11,20,1,9,16,25,1,22,29,51,3,10,7,17,1,10,3,13,1,12,5,17,1,0,0,0,0,0,0,0,0,0,0,0,0,32,15,47,3,217,164,381,16
32030000,สพป.สุรินทร์ เขต 3,32030183,บ้านสน,0,0,0,0,28,30,58,2,27,23,50,2,55,53,108,4,19,11,30,2,22,15,37,2,26,24,50,2,26,22,48,2,22,21,43,2,32,20,52,2,147,113,260,12,13,11,24,1,13,7,20,1,11,13,24,1,37,31,68,3,0,0,0,0,0,0,0,0,0,0,0,0,0,0,0,0,0,0,0,0,0,0,0,0,0,0,0,0,239,197,436,19
32030000,สพป.สุรินทร์ เขต 3,32030184,บ้านสำเภาลูน,0,0,0,0,13,9,22,1,11,5,16,1,24,14,38,2,11,11,22,1,12,12,24,1,9,12,21,1,13,10,23,1,12,6,18,1,10,7,17,1,67,58,125,6,0,0,0,0,0,0,0,0,0,0,0,0,0,0,0,0,0,0,0,0,0,0,0,0,0,0,0,0,0,0,0,0,0,0,0,0,0,0,0,0,0,0,0,0,91,72,163,8
32030000,สพป.สุรินทร์ เขต 3,32030185,บ้านไทยเดิม,0,0,0,0,10,6,16,1,14,13,27,1,24,19,43,2,14,12,26,1,11,11,22,1,4,8,12,1,9,6,15,1,7,8,15,1,20,8,28,1,65,53,118,6,0,0,0,0,0,0,0,0,0,0,0,0,0,0,0,0,0,0,0,0,0,0,0,0,0,0,0,0,0,0,0,0,0,0,0,0,0,0,0,0,0,0,0,0,89,72,161,8
32030000,สพป.สุรินทร์ เขต 3,32030186,บ้านโคกสมอง,0,0,0,0,6,4,10,1,5,6,11,1,11,10,21,2,5,4,9,1,7,7,14,1,5,4,9,1,6,7,13,1,7,5,12,1,5,3,8,1,35,30,65,6,0,0,0,0,0,0,0,0,0,0,0,0,0,0,0,0,0,0,0,0,0,0,0,0,0,0,0,0,0,0,0,0,0,0,0,0,0,0,0,0,0,0,0,0,46,40,86,8
32030000,สพป.สุรินทร์ เขต 3,32030187,บ้านสวาท,0,0,0,0,6,8,14,1,6,4,10,1,12,12,24,2,8,5,13,1,7,10,17,1,6,4,10,1,4,9,13,1,6,6,12,1,3,2,5,1,34,36,70,6,0,0,0,0,0,0,0,0,0,0,0,0,0,0,0,0,0,0,0,0,0,0,0,0,0,0,0,0,0,0,0,0,0,0,0,0,0,0,0,0,0,0,0,0,46,48,94,8
32030000,สพป.สุรินทร์ เขต 3,32030188,บ้านอาโพน,0,0,0,0,19,21,40,2,27,17,44,2,46,38,84,4,23,14,37,2,24,31,55,2,15,13,28,1,33,19,52,2,29,14,43,2,21,21,42,2,145,112,257,11,11,11,22,1,7,11,18,1,10,12,22,1,28,34,62,3,0,0,0,0,0,0,0,0,0,0,0,0,0,0,0,0,0,0,0,0,0,0,0,0,0,0,0,0,219,184,403,18
32030000,สพป.สุรินทร์ เขต 3,32030189,บ้านสะแร,0,0,0,0,10,6,16,1,18,11,29,1,28,17,45,2,10,12,22,1,14,7,21,1,8,7,15,1,13,12,25,1,7,7,14,1,13,13,26,1,65,58,123,6,16,7,23,1,11,5,16,1,11,11,22,1,38,23,61,3,0,0,0,0,0,0,0,0,0,0,0,0,0,0,0,0,0,0,0,0,0,0,0,0,0,0,0,0,131,98,229,11
32030000,สพป.สุรินทร์ เขต 3,32030190,บ้านโคกกลาง,0,0,0,0,22,22,44,2,19,19,38,2,41,41,82,4,15,25,40,2,25,19,44,2,18,23,41,2,15,27,42,2,18,24,42,2,19,22,41,2,110,140,250,12,19,17,36,1,14,9,23,1,16,16,32,1,49,42,91,3,0,0,0,0,0,0,0,0,0,0,0,0,0,0,0,0,0,0,0,0,0,0,0,0,0,0,0,0,200,223,423,19
32030000,สพป.สุรินทร์ เขต 3,32030191,บ้านสระแก้ว,0,0,0,0,11,10,21,1,15,13,28,1,26,23,49,2,10,8,18,1,11,14,25,1,16,13,29,1,9,6,15,1,10,12,22,1,16,7,23,1,72,60,132,6,17,7,24,1,12,2,14,1,2,8,10,1,31,17,48,3,0,0,0,0,0,0,0,0,0,0,0,0,0,0,0,0,0,0,0,0,0,0,0,0,0,0,0,0,129,100,229,11
32030000,สพป.สุรินทร์ เขต 3,32030192,บ้านโคกโบสถ์,0,0,0,0,9,5,14,1,10,6,16,1,19,11,30,2,17,10,27,1,10,9,19,1,12,7,19,1,9,8,17,1,8,5,13,1,6,9,15,1,62,48,110,6,0,0,0,0,0,0,0,0,0,0,0,0,0,0,0,0,0,0,0,0,0,0,0,0,0,0,0,0,0,0,0,0,0,0,0,0,0,0,0,0,0,0,0,0,81,59,140,8
32030000,สพป.สุรินทร์ เขต 3,32030193,บ้านโคกกรม,0,0,0,0,11,16,27,1,10,6,16,1,21,22,43,2,11,4,15,1,5,4,9,1,7,8,15,1,8,9,17,1,8,8,16,1,10,6,16,1,49,39,88,6,12,9,21,1,14,8,22,1,7,8,15,1,33,25,58,3,0,0,0,0,0,0,0,0,0,0,0,0,0,0,0,0,0,0,0,0,0,0,0,0,0,0,0,0,103,86,189,11
32030000,สพป.สุรินทร์ เขต 3,32030194,บ้านตาลวก,0,0,0,0,14,11,25,1,10,3,13,1,24,14,38,2,4,8,12,1,11,8,19,1,8,7,15,1,15,11,26,1,9,6,15,1,10,8,18,1,57,48,105,6,0,0,0,0,0,0,0,0,0,0,0,0,0,0,0,0,0,0,0,0,0,0,0,0,0,0,0,0,0,0,0,0,0,0,0,0,0,0,0,0,0,0,0,0,81,62,143,8
32030000,สพป.สุรินทร์ เขต 3,32030195,บ้านศรีสวาย,0,0,0,0,2,2,4,1,7,4,11,1,9,6,15,2,6,7,13,1,4,3,7,1,2,2,4,1,5,1,6,1,4,6,10,1,8,2,10,1,29,21,50,6,0,0,0,0,0,0,0,0,0,0,0,0,0,0,0,0,0,0,0,0,0,0,0,0,0,0,0,0,0,0,0,0,0,0,0,0,0,0,0,0,0,0,0,0,38,27,65,8
32030000,สพป.สุรินทร์ เขต 3,32030196,บ้านจีกแดก,0,0,0,0,7,20,27,1,5,15,20,1,12,35,47,2,10,14,24,1,12,12,24,1,14,17,31,1,16,14,30,1,12,15,27,1,13,12,25,1,77,84,161,6,0,0,0,0,0,0,0,0,0,0,0,0,0,0,0,0,0,0,0,0,0,0,0,0,0,0,0,0,0,0,0,0,0,0,0,0,0,0,0,0,0,0,0,0,89,119,208,8
32030000,สพป.สุรินทร์ เขต 3,32030197,บ้านละเอาะ,0,0,0,0,13,15,28,1,15,9,24,1,28,24,52,2,8,12,20,1,14,11,25,1,10,7,17,1,15,17,32,1,9,3,12,1,16,17,33,1,72,67,139,6,0,0,0,0,0,0,0,0,0,0,0,0,0,0,0,0,0,0,0,0,0,0,0,0,0,0,0,0,0,0,0,0,0,0,0,0,0,0,0,0,0,0,0,0,100,91,191,8
32030000,สพป.สุรินทร์ เขต 3,32030198,บ้านพนมดิน,0,0,0,0,21,19,40,1,17,20,37,1,38,39,77,2,11,12,23,1,14,10,24,1,11,12,23,1,13,12,25,1,11,10,21,1,16,17,33,1,76,73,149,6,0,0,0,0,0,0,0,0,0,0,0,0,0,0,0,0,0,0,0,0,0,0,0,0,0,0,0,0,0,0,0,0,0,0,0,0,0,0,0,0,0,0,0,0,114,112,226,8
32030000,สพป.สุรินทร์ เขต 3,32030199,บ้านตาเมียง,0,0,0,0,19,19,38,2,29,20,49,2,48,39,87,4,24,19,43,2,18,17,35,2,14,18,32,1,21,14,35,2,18,13,31,1,13,8,21,1,108,89,197,9,24,10,34,2,14,19,33,1,14,9,23,1,52,38,90,4,0,0,0,0,0,0,0,0,0,0,0,0,0,0,0,0,0,0,0,0,0,0,0,0,0,0,0,0,208,166,374,17
32030000,สพป.สุรินทร์ เขต 3,32030200,บ้านหนองคันนา,0,0,0,0,31,27,58,2,26,31,57,2,57,58,115,4,25,27,52,2,22,24,46,2,24,20,44,2,26,22,48,2,11,22,33,2,33,24,57,2,141,139,280,12,27,19,46,2,18,24,42,2,22,19,41,2,67,62,129,6,0,0,0,0,0,0,0,0,0,0,0,0,0,0,0,0,0,0,0,0,0,0,0,0,0,0,0,0,265,259,524,22
32030000,สพป.สุรินทร์ เขต 3,32030201,บ้านหนองจูบ,0,0,0,0,6,7,13,1,5,10,15,1,11,17,28,2,8,8,16,1,10,8,18,1,6,7,13,1,7,5,12,1,12,8,20,1,6,7,13,1,49,43,92,6,0,0,0,0,0,0,0,0,0,0,0,0,0,0,0,0,0,0,0,0,0,0,0,0,0,0,0,0,0,0,0,0,0,0,0,0,0,0,0,0,0,0,0,0,60,60,120,8
32030000,สพป.สุรินทร์ เขต 3,32030202,บ้านอำปึล,0,0,0,0,8,10,18,1,24,14,38,1,32,24,56,2,21,21,42,1,14,11,25,1,18,13,31,1,16,18,34,1,15,4,19,1,14,11,25,1,98,78,176,6,8,12,20,1,8,14,22,1,6,9,15,1,22,35,57,3,0,0,0,0,0,0,0,0,0,0,0,0,0,0,0,0,0,0,0,0,0,0,0,0,0,0,0,0,152,137,289,11
32030000,สพป.สุรินทร์ เขต 3,32030203,บ้านรุน,0,0,0,0,42,25,67,2,32,33,65,2,74,58,132,4,33,25,58,2,27,32,59,2,23,20,43,2,36,28,64,2,25,29,54,2,37,29,66,2,181,163,344,12,22,25,47,2,24,16,40,2,27,34,61,2,73,75,148,6,7,13,20,1,13,18,31,2,7,9,16,2,0,0,0,0,0,0,0,0,0,0,0,0,27,40,67,5,355,336,691,27
32030000,สพป.สุรินทร์ เขต 3,32030204,นิคมสร้างตนเองปราสาท 4,0,0,0,0,13,8,21,1,14,7,21,1,27,15,42,2,12,7,19,1,14,8,22,1,10,9,19,1,18,12,30,1,14,14,28,1,14,10,24,1,82,60,142,6,0,0,0,0,0,0,0,0,0,0,0,0,0,0,0,0,0,0,0,0,0,0,0,0,0,0,0,0,0,0,0,0,0,0,0,0,0,0,0,0,0,0,0,0,109,75,184,8
32030000,สพป.สุรินทร์ เขต 3,32030205,บ้านไทยสันติสุข,0,0,0,0,2,3,5,1,1,5,6,1,3,8,11,2,6,1,7,1,2,4,6,1,1,2,3,1,4,4,8,1,6,2,8,1,5,4,9,1,24,17,41,6,0,0,0,0,0,0,0,0,0,0,0,0,0,0,0,0,0,0,0,0,0,0,0,0,0,0,0,0,0,0,0,0,0,0,0,0,0,0,0,0,0,0,0,0,27,25,52,8
32030000,สพป.สุรินทร์ เขต 3,32030206,บ้านไทยนิยมพัฒนา,0,0,0,0,0,0,0,0,0,0,0,0,0,0,0,0,0,0,0,0,0,0,0,0,0,0,0,0,0,0,0,0,0,0,0,0,0,0,0,0,0,0,0,0,0,0,0,0,0,0,0,0,0,0,0,0,0,0,0,0,0,0,0,0,0,0,0,0,0,0,0,0,0,0,0,0,0,0,0,0,0,0,0,0,0,0,0,0,0,0,0,0
32030000,สพป.สุรินทร์ เขต 3,32030207,บ้านอุโลก,0,0,0,0,20,14,34,2,27,20,47,2,47,34,81,4,21,22,43,2,17,18,35,2,21,24,45,2,15,16,31,2,10,12,22,1,16,15,31,2,100,107,207,11,0,0,0,0,0,0,0,0,0,0,0,0,0,0,0,0,0,0,0,0,0,0,0,0,0,0,0,0,0,0,0,0,0,0,0,0,0,0,0,0,0,0,0,0,147,141,288,15
32030000,สพป.สุรินทร์ เขต 3,32030208,บ้านเกาะแจนแวน,0,0,0,0,7,8,15,1,11,5,16,1,18,13,31,2,10,7,17,1,12,11,23,1,5,10,15,1,6,8,14,1,9,3,12,1,4,8,12,1,46,47,93,6,9,4,13,1,3,1,4,1,4,4,8,1,16,9,25,3,0,0,0,0,0,0,0,0,0,0,0,0,0,0,0,0,0,0,0,0,0,0,0,0,0,0,0,0,80,69,149,11
32030000,สพป.สุรินทร์ เขต 3,32030209,บ้านแดง,0,0,0,0,15,10,25,1,12,10,22,1,27,20,47,2,14,8,22,1,8,14,22,1,12,5,17,1,12,11,23,1,11,17,28,1,12,9,21,1,69,64,133,6,17,12,29,1,14,7,21,1,13,8,21,1,44,27,71,3,0,0,0,0,0,0,0,0,0,0,0,0,0,0,0,0,0,0,0,0,0,0,0,0,0,0,0,0,140,111,251,11
32030000,สพป.สุรินทร์ เขต 3,32030210,บ้านตะโนน,0,0,0,0,19,18,37,2,17,18,35,2,36,36,72,4,23,25,48,2,21,23,44,2,21,18,39,2,14,25,39,2,24,18,42,2,20,21,41,2,123,130,253,12,26,32,58,2,19,24,43,2,19,28,47,2,64,84,148,6,0,0,0,0,0,0,0,0,0,0,0,0,0,0,0,0,0,0,0,0,0,0,0,0,0,0,0,0,223,250,473,22
32030000,สพป.สุรินทร์ เขต 3,32030211,บ้านสำโรง,0,0,0,0,6,5,11,1,6,8,14,1,12,13,25,2,6,10,16,1,6,4,10,1,3,9,12,1,4,4,8,1,6,15,21,1,9,11,20,1,34,53,87,6,0,0,0,0,0,0,0,0,0,0,0,0,0,0,0,0,0,0,0,0,0,0,0,0,0,0,0,0,0,0,0,0,0,0,0,0,0,0,0,0,0,0,0,0,46,66,112,8
32030000,สพป.สุรินทร์ เขต 3,32030212,บ้านพะเนาว์,0,0,0,0,2,3,5,1,0,4,4,1,2,7,9,2,2,4,6,1,2,2,4,1,4,1,5,1,4,3,7,1,8,4,12,1,2,4,6,1,22,18,40,6,0,0,0,0,0,0,0,0,0,0,0,0,0,0,0,0,0,0,0,0,0,0,0,0,0,0,0,0,0,0,0,0,0,0,0,0,0,0,0,0,0,0,0,0,24,25,49,8
32030000,สพป.สุรินทร์ เขต 3,32030213,ศรีณรงค์วิทยาคาร,0,0,0,0,17,9,26,1,14,8,22,1,31,17,48,2,9,16,25,1,15,10,25,1,16,6,22,1,7,14,21,1,16,8,24,1,13,17,30,1,76,71,147,6,7,9,16,1,10,5,15,1,16,13,29,1,33,27,60,3,0,0,0,0,0,0,0,0,0,0,0,0,0,0,0,0,0,0,0,0,0,0,0,0,0,0,0,0,140,115,255,11
32030000,สพป.สุรินทร์ เขต 3,32030214,บ้านละมงค์,0,0,0,0,11,13,24,1,14,14,28,1,25,27,52,2,17,9,26,1,13,10,23,1,12,12,24,1,6,17,23,1,10,15,25,1,16,19,35,1,74,82,156,6,16,22,38,2,33,18,51,2,27,18,45,2,76,58,134,6,0,0,0,0,0,0,0,0,0,0,0,0,0,0,0,0,0,0,0,0,0,0,0,0,0,0,0,0,175,167,342,14
32030000,สพป.สุรินทร์ เขต 3,32030215,รัฐราษฎร์พัฒนา,0,0,0,0,8,1,9,1,8,11,19,1,16,12,28,2,4,2,6,1,8,7,15,1,10,5,15,1,4,7,11,1,7,7,14,1,6,5,11,1,39,33,72,6,0,0,0,0,0,0,0,0,0,0,0,0,0,0,0,0,0,0,0,0,0,0,0,0,0,0,0,0,0,0,0,0,0,0,0,0,0,0,0,0,0,0,0,0,55,45,100,8
32030000,สพป.สุรินทร์ เขต 3,32030216,บ้านมหาชัย,0,0,0,0,3,4,7,1,1,5,6,1,4,9,13,2,4,4,8,1,4,6,10,1,2,6,8,1,8,2,10,1,5,1,6,1,1,7,8,1,24,26,50,6,0,0,0,0,0,0,0,0,0,0,0,0,0,0,0,0,0,0,0,0,0,0,0,0,0,0,0,0,0,0,0,0,0,0,0,0,0,0,0,0,0,0,0,0,28,35,63,8
32030000,สพป.สุรินทร์ เขต 3,32030217,บ้านโสน,0,0,0,0,13,11,24,1,6,4,10,1,19,15,34,2,10,9,19,1,7,9,16,1,8,14,22,1,10,9,19,1,12,4,16,1,11,8,19,1,58,53,111,6,9,19,28,1,4,3,7,1,4,4,8,1,17,26,43,3,0,0,0,0,0,0,0,0,0,0,0,0,0,0,0,0,0,0,0,0,0,0,0,0,0,0,0,0,94,94,188,11
32030000,สพป.สุรินทร์ เขต 3,32030218,บ้านณรงค์,0,0,0,0,14,11,25,1,7,9,16,1,21,20,41,2,3,8,11,1,10,9,19,1,8,9,17,1,4,14,18,1,13,8,21,1,9,9,18,1,47,57,104,6,0,0,0,0,0,0,0,0,0,0,0,0,0,0,0,0,0,0,0,0,0,0,0,0,0,0,0,0,0,0,0,0,0,0,0,0,0,0,0,0,0,0,0,0,68,77,145,8
32030000,สพป.สุรินทร์ เขต 3,32030219,บ้านตรวจ,0,0,0,0,22,19,41,2,9,12,21,1,31,31,62,3,15,19,34,2,17,14,31,2,18,11,29,1,14,18,32,2,22,16,38,2,19,28,47,2,105,106,211,11,22,18,40,1,16,15,31,1,16,18,34,2,54,51,105,4,6,17,23,1,8,16,24,1,6,12,18,1,0,0,0,0,0,0,0,0,0,0,0,0,20,45,65,3,210,233,443,21
32030000,สพป.สุรินทร์ เขต 3,32030220,บ้านฉลีกหนองมะแซว,0,0,0,0,13,20,33,2,14,23,37,2,27,43,70,4,18,15,33,2,23,18,41,2,19,24,43,2,22,13,35,2,20,14,34,2,21,14,35,2,123,98,221,12,17,11,28,1,17,14,31,2,13,12,25,1,47,37,84,4,0,0,0,0,0,0,0,0,0,0,0,0,0,0,0,0,0,0,0,0,0,0,0,0,0,0,0,0,197,178,375,20
32030000,สพป.สุรินทร์ เขต 3,32030221,บ้านเตาแดก,0,0,0,0,5,4,9,1,5,2,7,1,10,6,16,2,5,3,8,1,6,1,7,1,5,9,14,1,8,6,14,1,7,4,11,1,4,7,11,1,35,30,65,6,0,0,0,0,0,0,0,0,0,0,0,0,0,0,0,0,0,0,0,0,0,0,0,0,0,0,0,0,0,0,0,0,0,0,0,0,0,0,0,0,0,0,0,0,45,36,81,8
32030000,สพป.สุรินทร์ เขต 3,32030222,บ้านโนนทอง,0,0,0,0,12,14,26,1,8,7,15,1,20,21,41,2,6,8,14,1,9,12,21,1,11,10,21,1,10,11,21,1,11,11,22,1,11,8,19,1,58,60,118,6,0,0,0,0,0,0,0,0,0,0,0,0,0,0,0,0,0,0,0,0,0,0,0,0,0,0,0,0,0,0,0,0,0,0,0,0,0,0,0,0,0,0,0,0,78,81,159,8
32030000,สพป.สุรินทร์ เขต 3,32030223,บ้านเกาะตรวจ,0,0,0,0,13,17,30,1,10,8,18,1,23,25,48,2,14,12,26,1,9,16,25,1,7,11,18,1,15,8,23,1,6,11,17,1,10,7,17,1,61,65,126,6,14,10,24,1,10,10,20,1,13,12,25,1,37,32,69,3,0,0,0,0,0,0,0,0,0,0,0,0,0,0,0,0,0,0,0,0,0,0,0,0,0,0,0,0,121,122,243,11
32030000,สพป.สุรินทร์ เขต 3,32030224,บ้านหนองหว้า,0,0,0,0,15,13,28,1,8,8,16,1,23,21,44,2,9,8,17,1,13,13,26,1,8,12,20,1,12,8,20,1,6,8,14,1,8,7,15,1,56,56,112,6,17,14,31,1,13,5,18,1,14,6,20,1,44,25,69,3,0,0,0,0,0,0,0,0,0,0,0,0,0,0,0,0,0,0,0,0,0,0,0,0,0,0,0,0,123,102,225,11
32030000,สพป.สุรินทร์ เขต 3,32030225,บ้านน้อย,0,0,0,0,11,11,22,1,14,12,26,1,25,23,48,2,5,9,14,1,5,3,8,1,8,10,18,1,7,14,21,1,10,9,19,1,6,5,11,1,41,50,91,6,0,0,0,0,0,0,0,0,0,0,0,0,0,0,0,0,0,0,0,0,0,0,0,0,0,0,0,0,0,0,0,0,0,0,0,0,0,0,0,0,0,0,0,0,66,73,139,8
32030000,สพป.สุรินทร์ เขต 3,32030226,ไพลอำนวยวิทย์,0,0,0,0,20,12,32,1,12,19,31,1,32,31,63,2,10,7,17,1,13,5,18,1,10,10,20,1,10,15,25,1,6,8,14,1,10,13,23,1,59,58,117,6,0,0,0,0,0,0,0,0,0,0,0,0,0,0,0,0,0,0,0,0,0,0,0,0,0,0,0,0,0,0,0,0,0,0,0,0,0,0,0,0,0,0,0,0,91,89,180,8
32030000,สพป.สุรินทร์ เขต 3,32030227,บ้านกล้วย,0,0,0,0,19,16,35,1,7,9,16,1,26,25,51,2,5,11,16,1,9,19,28,1,11,14,25,1,11,7,18,1,10,13,23,1,14,15,29,1,60,79,139,6,0,0,0,0,0,0,0,0,0,0,0,0,0,0,0,0,0,0,0,0,0,0,0,0,0,0,0,0,0,0,0,0,0,0,0,0,0,0,0,0,0,0,0,0,86,104,190,8
32030000,สพป.สุรินทร์ เขต 3,32030228,พระจันทร์ศรีสุข,0,0,0,0,21,8,29,1,18,16,34,1,39,24,63,2,13,10,23,1,10,8,18,1,9,12,21,1,9,10,19,1,17,17,34,2,17,11,28,1,75,68,143,7,0,0,0,0,0,0,0,0,0,0,0,0,0,0,0,0,0,0,0,0,0,0,0,0,0,0,0,0,0,0,0,0,0,0,0,0,0,0,0,0,0,0,0,0,114,92,206,9
32030000,สพป.สุรินทร์ เขต 3,32030229,บ้านขยูงทองยางภิรมย์,0,0,0,0,1,8,9,1,3,6,9,1,4,14,18,2,3,5,8,1,9,2,11,1,3,5,8,1,3,2,5,1,2,5,7,1,0,1,1,1,20,20,40,6,0,0,0,0,0,0,0,0,0,0,0,0,0,0,0,0,0,0,0,0,0,0,0,0,0,0,0,0,0,0,0,0,0,0,0,0,0,0,0,0,0,0,0,0,24,34,58,8
32030000,สพป.สุรินทร์ เขต 3,32030230,วิทยาราษฎร์นุกูล,0,0,0,0,16,11,27,1,14,11,25,1,30,22,52,2,17,12,29,1,14,13,27,1,17,25,42,2,12,13,25,1,16,13,29,1,14,17,31,1,90,93,183,7,22,21,43,2,19,15,34,2,31,14,45,2,72,50,122,6,0,0,0,0,0,0,0,0,0,0,0,0,0,0,0,0,0,0,0,0,0,0,0,0,0,0,0,0,192,165,357,15
32030000,สพป.สุรินทร์ เขต 3,32030231,บ้านหนองแวง,0,0,0,0,22,10,32,1,18,9,27,1,40,19,59,2,8,17,25,1,12,17,29,1,15,10,25,1,7,14,21,1,11,19,30,1,26,10,36,2,79,87,166,7,11,17,28,1,6,15,21,1,5,10,15,1,22,42,64,3,0,0,0,0,0,0,0,0,0,0,0,0,0,0,0,0,0,0,0,0,0,0,0,0,0,0,0,0,141,148,289,12
32030000,สพป.สุรินทร์ เขต 3,32030232,บ้านกุง,0,0,0,0,9,8,17,1,7,7,14,1,16,15,31,2,9,8,17,1,5,8,13,1,12,4,16,1,14,6,20,1,6,9,15,1,9,9,18,1,55,44,99,6,0,0,0,0,0,0,0,0,0,0,0,0,0,0,0,0,0,0,0,0,0,0,0,0,0,0,0,0,0,0,0,0,0,0,0,0,0,0,0,0,0,0,0,0,71,59,130,8
32030000,สพป.สุรินทร์ เขต 3,32030233,บ้านคูขาด,0,0,0,0,14,9,23,1,8,9,17,1,22,18,40,2,10,4,14,1,12,5,17,1,5,11,16,1,8,4,12,1,8,4,12,1,9,6,15,1,52,34,86,6,0,0,0,0,0,0,0,0,0,0,0,0,0,0,0,0,0,0,0,0,0,0,0,0,0,0,0,0,0,0,0,0,0,0,0,0,0,0,0,0,0,0,0,0,74,52,126,8
32030000,สพป.สุรินทร์ เขต 3,32030234,บ้านตราด,0,0,0,0,4,6,10,1,2,5,7,1,6,11,17,2,3,6,9,1,6,7,13,1,7,10,17,1,6,5,11,1,12,8,20,1,6,8,14,1,40,44,84,6,0,0,0,0,0,0,0,0,0,0,0,0,0,0,0,0,0,0,0,0,0,0,0,0,0,0,0,0,0,0,0,0,0,0,0,0,0,0,0,0,0,0,0,0,46,55,101,8
,,,,56,67,123,13,2987,2811,5798,277,2967,2822,5789,281,6010,5700,11710,571,2899,2718,5617,289,2900,2838,5738,296,2783,2695,5478,281,2866,2738,5604,282,2809,2690,5499,282,2978,2771,5749,285,17235,16450,33685,1715,1347,1086,2433,103,1215,1003,2218,103,1188,1043,2231,104,3750,3132,6882,310,23,37,60,3,31,37,68,4,25,26,51,4,0,0,0,0,0,0,0,0,0,0,0,0,79,100,179,11,27074,25382,52456,2607
